[INFO ] 2026-03-27 17:41:58.965 [main] AnnotationConfigContextLoaderUtils - Could not detect default configuration classes for test class [org.hotel.app.security.AuthentificationControllerTest]: AuthentificationControllerTest does not declare any static, non-private, non-final, nested classes annotated with @Configuration.
[INFO ] 2026-03-27 17:41:59.205 [main] SpringBootTestContextBootstrapper - Found @SpringBootConfiguration org.hotel.app.App for test class org.hotel.app.security.AuthentificationControllerTest
[INFO ] 2026-03-27 17:41:59.821 [main] AuthentificationControllerTest - Starting AuthentificationControllerTest using Java 17.0.12 with PID 19384 (started by Blake in C:\Apps and data\Java projects\HotelSpring\app)
[INFO ] 2026-03-27 17:41:59.828 [main] AuthentificationControllerTest - No active profile set, falling back to 1 default profile: "default"
[WARN ] 2026-03-27 17:42:02.105 [main] GenericWebApplicationContext - Exception encountered during context initialization - cancelling refresh attempt: org.springframework.beans.factory.UnsatisfiedDependencyException: Error creating bean with name 'jwtAuthenticationFilter' defined in file [C:\Apps and data\Java projects\HotelSpring\app\target\classes\org\hotel\app\security\JwtAuthenticationFilter.class]: Unsatisfied dependency expressed through constructor parameter 0: No qualifying bean of type 'org.hotel.app.security.JwtService' available: expected at least 1 bean which qualifies as autowire candidate. Dependency annotations: {}
[INFO ] 2026-03-27 17:42:02.129 [main] ConditionEvaluationReportLogger - 

Error starting ApplicationContext. To display the condition evaluation report re-run your application with 'debug' enabled.
[ERROR] 2026-03-27 17:42:02.212 [main] LoggingFailureAnalysisReporter - 

***************************
APPLICATION FAILED TO START
***************************

Description:

Parameter 0 of constructor in org.hotel.app.security.JwtAuthenticationFilter required a bean of type 'org.hotel.app.security.JwtService' that could not be found.


Action:

Consider defining a bean of type 'org.hotel.app.security.JwtService' in your configuration.

[WARN ] 2026-03-27 17:42:02.232 [main] TestContextManager - Caught exception while allowing TestExecutionListener [org.springframework.boot.test.mock.mockito.MockitoTestExecutionListener] to prepare test instance [org.hotel.app.security.AuthentificationControllerTest@2fbd390]
java.lang.IllegalStateException: Failed to load ApplicationContext for [WebMergedContextConfiguration@44641d6c testClass = org.hotel.app.security.AuthentificationControllerTest, locations = [], classes = [org.hotel.app.App], contextInitializerClasses = [], activeProfiles = [], propertySourceDescriptors = [], propertySourceProperties = ["org.springframework.boot.test.autoconfigure.web.servlet.WebMvcTestContextBootstrapper=true"], contextCustomizers = [[ImportsContextCustomizer@1ae924f1 key = [org.springframework.boot.autoconfigure.task.TaskExecutionAutoConfiguration, org.springframework.boot.autoconfigure.cache.CacheAutoConfiguration, org.springframework.boot.autoconfigure.web.servlet.HttpEncodingAutoConfiguration, org.springframework.boot.autoconfigure.validation.ValidationAutoConfiguration, org.springframework.boot.autoconfigure.context.MessageSourceAutoConfiguration, org.springframework.boot.autoconfigure.hateoas.HypermediaAutoConfiguration, org.springframework.boot.autoconfigure.data.web.SpringDataWebAutoConfiguration, org.springframework.boot.autoconfigure.jackson.JacksonAutoConfiguration, org.springframework.boot.test.autoconfigure.web.reactive.WebTestClientAutoConfiguration, org.springframework.boot.autoconfigure.web.servlet.error.ErrorMvcAutoConfiguration, org.springframework.boot.test.autoconfigure.web.servlet.MockMvcAutoConfiguration, org.springframework.boot.autoconfigure.security.servlet.SecurityAutoConfiguration, org.springframework.boot.autoconfigure.security.servlet.SecurityFilterAutoConfiguration, org.springframework.boot.autoconfigure.http.HttpMessageConvertersAutoConfiguration, org.springframework.boot.autoconfigure.security.oauth2.client.servlet.OAuth2ClientAutoConfiguration, org.springframework.boot.test.autoconfigure.web.servlet.MockMvcSecurityConfiguration, org.springframework.boot.test.autoconfigure.web.servlet.MockMvcWebClientAutoConfiguration, org.springframework.boot.test.autoconfigure.web.servlet.MockMvcWebDriverAutoConfiguration, org.springframework.boot.autoconfigure.thymeleaf.ThymeleafAutoConfiguration, org.springframework.boot.autoconfigure.gson.GsonAutoConfiguration, org.springframework.boot.autoconfigure.jsonb.JsonbAutoConfiguration, org.springframework.boot.autoconfigure.freemarker.FreeMarkerAutoConfiguration, org.springframework.boot.autoconfigure.web.servlet.WebMvcAutoConfiguration, org.springframework.boot.autoconfigure.security.servlet.UserDetailsServiceAutoConfiguration, org.springframework.boot.autoconfigure.security.oauth2.resource.servlet.OAuth2ResourceServerAutoConfiguration, org.springframework.boot.autoconfigure.groovy.template.GroovyTemplateAutoConfiguration, org.springframework.boot.autoconfigure.mustache.MustacheAutoConfiguration]], org.springframework.boot.test.context.filter.ExcludeFilterContextCustomizer@8ab78bc, org.springframework.boot.test.json.DuplicateJsonObjectContextCustomizerFactory$DuplicateJsonObjectContextCustomizer@2c5d601e, org.springframework.boot.test.mock.mockito.MockitoContextCustomizer@4d9ec004, org.springframework.boot.test.autoconfigure.OverrideAutoConfigurationContextCustomizerFactory$DisableAutoConfigurationContextCustomizer@158d255c, org.springframework.boot.test.autoconfigure.actuate.observability.ObservabilityContextCustomizerFactory$DisableObservabilityContextCustomizer@1f, org.springframework.boot.test.autoconfigure.filter.TypeExcludeFiltersContextCustomizer@a108ca86, org.springframework.boot.test.autoconfigure.properties.PropertyMappingContextCustomizer@18c0c332, org.springframework.boot.test.autoconfigure.web.servlet.WebDriverContextCustomizer@54ec8cc9, org.springframework.boot.test.context.SpringBootTestAnnotation@a096b306], resourceBasePath = "src/main/webapp", contextLoader = org.springframework.boot.test.context.SpringBootContextLoader, parent = null]
	at org.springframework.test.context.cache.DefaultCacheAwareContextLoaderDelegate.loadContext(DefaultCacheAwareContextLoaderDelegate.java:180) ~[spring-test-6.1.3.jar:6.1.3]
	at org.springframework.test.context.support.DefaultTestContext.getApplicationContext(DefaultTestContext.java:130) ~[spring-test-6.1.3.jar:6.1.3]
	at org.springframework.boot.test.mock.mockito.MockitoTestExecutionListener.postProcessFields(MockitoTestExecutionListener.java:110) ~[spring-boot-test-3.2.2.jar:3.2.2]
	at org.springframework.boot.test.mock.mockito.MockitoTestExecutionListener.injectFields(MockitoTestExecutionListener.java:94) ~[spring-boot-test-3.2.2.jar:3.2.2]
	at org.springframework.boot.test.mock.mockito.MockitoTestExecutionListener.prepareTestInstance(MockitoTestExecutionListener.java:61) ~[spring-boot-test-3.2.2.jar:3.2.2]
	at org.springframework.test.context.TestContextManager.prepareTestInstance(TestContextManager.java:260) ~[spring-test-6.1.3.jar:6.1.3]
	at org.springframework.test.context.junit.jupiter.SpringExtension.postProcessTestInstance(SpringExtension.java:163) ~[spring-test-6.1.3.jar:6.1.3]
	at org.junit.jupiter.engine.descriptor.ClassBasedTestDescriptor.lambda$invokeTestInstancePostProcessors$10(ClassBasedTestDescriptor.java:378) ~[junit-jupiter-engine-5.10.0.jar:5.10.0]
	at org.junit.jupiter.engine.descriptor.ClassBasedTestDescriptor.executeAndMaskThrowable(ClassBasedTestDescriptor.java:383) ~[junit-jupiter-engine-5.10.0.jar:5.10.0]
	at org.junit.jupiter.engine.descriptor.ClassBasedTestDescriptor.lambda$invokeTestInstancePostProcessors$11(ClassBasedTestDescriptor.java:378) ~[junit-jupiter-engine-5.10.0.jar:5.10.0]
	at java.base/java.util.stream.ReferencePipeline$3$1.accept(ReferencePipeline.java:197) ~[?:?]
	at java.base/java.util.stream.ReferencePipeline$2$1.accept(ReferencePipeline.java:179) ~[?:?]
	at java.base/java.util.ArrayList$ArrayListSpliterator.forEachRemaining(ArrayList.java:1625) ~[?:?]
	at java.base/java.util.stream.AbstractPipeline.copyInto(AbstractPipeline.java:509) ~[?:?]
	at java.base/java.util.stream.AbstractPipeline.wrapAndCopyInto(AbstractPipeline.java:499) ~[?:?]
	at java.base/java.util.stream.StreamSpliterators$WrappingSpliterator.forEachRemaining(StreamSpliterators.java:310) ~[?:?]
	at java.base/java.util.stream.Streams$ConcatSpliterator.forEachRemaining(Streams.java:735) ~[?:?]
	at java.base/java.util.stream.Streams$ConcatSpliterator.forEachRemaining(Streams.java:734) ~[?:?]
	at java.base/java.util.stream.ReferencePipeline$Head.forEach(ReferencePipeline.java:762) ~[?:?]
	at org.junit.jupiter.engine.descriptor.ClassBasedTestDescriptor.invokeTestInstancePostProcessors(ClassBasedTestDescriptor.java:377) ~[junit-jupiter-engine-5.10.0.jar:5.10.0]
	at org.junit.jupiter.engine.descriptor.ClassBasedTestDescriptor.lambda$instantiateAndPostProcessTestInstance$6(ClassBasedTestDescriptor.java:290) ~[junit-jupiter-engine-5.10.0.jar:5.10.0]
	at org.junit.platform.engine.support.hierarchical.ThrowableCollector.execute(ThrowableCollector.java:73) ~[junit-platform-engine-1.10.0.jar:1.10.0]
	at org.junit.jupiter.engine.descriptor.ClassBasedTestDescriptor.instantiateAndPostProcessTestInstance(ClassBasedTestDescriptor.java:289) ~[junit-jupiter-engine-5.10.0.jar:5.10.0]
	at org.junit.jupiter.engine.descriptor.ClassBasedTestDescriptor.lambda$testInstancesProvider$4(ClassBasedTestDescriptor.java:279) ~[junit-jupiter-engine-5.10.0.jar:5.10.0]
	at java.base/java.util.Optional.orElseGet(Optional.java:364) ~[?:?]
	at org.junit.jupiter.engine.descriptor.ClassBasedTestDescriptor.lambda$testInstancesProvider$5(ClassBasedTestDescriptor.java:278) ~[junit-jupiter-engine-5.10.0.jar:5.10.0]
	at org.junit.jupiter.engine.execution.TestInstancesProvider.getTestInstances(TestInstancesProvider.java:31) ~[junit-jupiter-engine-5.10.0.jar:5.10.0]
	at org.junit.jupiter.engine.descriptor.TestMethodTestDescriptor.lambda$prepare$0(TestMethodTestDescriptor.java:106) ~[junit-jupiter-engine-5.10.0.jar:5.10.0]
	at org.junit.platform.engine.support.hierarchical.ThrowableCollector.execute(ThrowableCollector.java:73) ~[junit-platform-engine-1.10.0.jar:1.10.0]
	at org.junit.jupiter.engine.descriptor.TestMethodTestDescriptor.prepare(TestMethodTestDescriptor.java:105) ~[junit-jupiter-engine-5.10.0.jar:5.10.0]
	at org.junit.jupiter.engine.descriptor.TestMethodTestDescriptor.prepare(TestMethodTestDescriptor.java:69) ~[junit-jupiter-engine-5.10.0.jar:5.10.0]
	at org.junit.platform.engine.support.hierarchical.NodeTestTask.lambda$prepare$2(NodeTestTask.java:123) ~[junit-platform-engine-1.10.0.jar:1.10.0]
	at org.junit.platform.engine.support.hierarchical.ThrowableCollector.execute(ThrowableCollector.java:73) ~[junit-platform-engine-1.10.0.jar:1.10.0]
	at org.junit.platform.engine.support.hierarchical.NodeTestTask.prepare(NodeTestTask.java:123) ~[junit-platform-engine-1.10.0.jar:1.10.0]
	at org.junit.platform.engine.support.hierarchical.NodeTestTask.execute(NodeTestTask.java:90) ~[junit-platform-engine-1.10.0.jar:1.10.0]
	at java.base/java.util.ArrayList.forEach(ArrayList.java:1511) ~[?:?]
	at org.junit.platform.engine.support.hierarchical.SameThreadHierarchicalTestExecutorService.invokeAll(SameThreadHierarchicalTestExecutorService.java:41) ~[junit-platform-engine-1.10.0.jar:1.10.0]
	at org.junit.platform.engine.support.hierarchical.NodeTestTask.lambda$executeRecursively$6(NodeTestTask.java:155) ~[junit-platform-engine-1.10.0.jar:1.10.0]
	at org.junit.platform.engine.support.hierarchical.ThrowableCollector.execute(ThrowableCollector.java:73) ~[junit-platform-engine-1.10.0.jar:1.10.0]
	at org.junit.platform.engine.support.hierarchical.NodeTestTask.lambda$executeRecursively$8(NodeTestTask.java:141) ~[junit-platform-engine-1.10.0.jar:1.10.0]
	at org.junit.platform.engine.support.hierarchical.Node.around(Node.java:137) ~[junit-platform-engine-1.10.0.jar:1.10.0]
	at org.junit.platform.engine.support.hierarchical.NodeTestTask.lambda$executeRecursively$9(NodeTestTask.java:139) ~[junit-platform-engine-1.10.0.jar:1.10.0]
	at org.junit.platform.engine.support.hierarchical.ThrowableCollector.execute(ThrowableCollector.java:73) ~[junit-platform-engine-1.10.0.jar:1.10.0]
	at org.junit.platform.engine.support.hierarchical.NodeTestTask.executeRecursively(NodeTestTask.java:138) ~[junit-platform-engine-1.10.0.jar:1.10.0]
	at org.junit.platform.engine.support.hierarchical.NodeTestTask.execute(NodeTestTask.java:95) ~[junit-platform-engine-1.10.0.jar:1.10.0]
	at java.base/java.util.ArrayList.forEach(ArrayList.java:1511) ~[?:?]
	at org.junit.platform.engine.support.hierarchical.SameThreadHierarchicalTestExecutorService.invokeAll(SameThreadHierarchicalTestExecutorService.java:41) ~[junit-platform-engine-1.10.0.jar:1.10.0]
	at org.junit.platform.engine.support.hierarchical.NodeTestTask.lambda$executeRecursively$6(NodeTestTask.java:155) ~[junit-platform-engine-1.10.0.jar:1.10.0]
	at org.junit.platform.engine.support.hierarchical.ThrowableCollector.execute(ThrowableCollector.java:73) ~[junit-platform-engine-1.10.0.jar:1.10.0]
	at org.junit.platform.engine.support.hierarchical.NodeTestTask.lambda$executeRecursively$8(NodeTestTask.java:141) ~[junit-platform-engine-1.10.0.jar:1.10.0]
	at org.junit.platform.engine.support.hierarchical.Node.around(Node.java:137) ~[junit-platform-engine-1.10.0.jar:1.10.0]
	at org.junit.platform.engine.support.hierarchical.NodeTestTask.lambda$executeRecursively$9(NodeTestTask.java:139) ~[junit-platform-engine-1.10.0.jar:1.10.0]
	at org.junit.platform.engine.support.hierarchical.ThrowableCollector.execute(ThrowableCollector.java:73) ~[junit-platform-engine-1.10.0.jar:1.10.0]
	at org.junit.platform.engine.support.hierarchical.NodeTestTask.executeRecursively(NodeTestTask.java:138) ~[junit-platform-engine-1.10.0.jar:1.10.0]
	at org.junit.platform.engine.support.hierarchical.NodeTestTask.execute(NodeTestTask.java:95) ~[junit-platform-engine-1.10.0.jar:1.10.0]
	at org.junit.platform.engine.support.hierarchical.SameThreadHierarchicalTestExecutorService.submit(SameThreadHierarchicalTestExecutorService.java:35) ~[junit-platform-engine-1.10.0.jar:1.10.0]
	at org.junit.platform.engine.support.hierarchical.HierarchicalTestExecutor.execute(HierarchicalTestExecutor.java:57) ~[junit-platform-engine-1.10.0.jar:1.10.0]
	at org.junit.platform.engine.support.hierarchical.HierarchicalTestEngine.execute(HierarchicalTestEngine.java:54) ~[junit-platform-engine-1.10.0.jar:1.10.0]
	at org.junit.platform.launcher.core.EngineExecutionOrchestrator.execute(EngineExecutionOrchestrator.java:198) ~[junit-platform-launcher-1.10.0.jar:1.10.0]
	at org.junit.platform.launcher.core.EngineExecutionOrchestrator.execute(EngineExecutionOrchestrator.java:169) ~[junit-platform-launcher-1.10.0.jar:1.10.0]
	at org.junit.platform.launcher.core.EngineExecutionOrchestrator.execute(EngineExecutionOrchestrator.java:93) ~[junit-platform-launcher-1.10.0.jar:1.10.0]
	at org.junit.platform.launcher.core.EngineExecutionOrchestrator.lambda$execute$0(EngineExecutionOrchestrator.java:58) ~[junit-platform-launcher-1.10.0.jar:1.10.0]
	at org.junit.platform.launcher.core.EngineExecutionOrchestrator.withInterceptedStreams(EngineExecutionOrchestrator.java:141) [junit-platform-launcher-1.10.0.jar:1.10.0]
	at org.junit.platform.launcher.core.EngineExecutionOrchestrator.execute(EngineExecutionOrchestrator.java:57) [junit-platform-launcher-1.10.0.jar:1.10.0]
	at org.junit.platform.launcher.core.DefaultLauncher.execute(DefaultLauncher.java:103) [junit-platform-launcher-1.10.0.jar:1.10.0]
	at org.junit.platform.launcher.core.DefaultLauncher.execute(DefaultLauncher.java:85) [junit-platform-launcher-1.10.0.jar:1.10.0]
	at org.junit.platform.launcher.core.DelegatingLauncher.execute(DelegatingLauncher.java:47) [junit-platform-launcher-1.10.0.jar:1.10.0]
	at org.junit.platform.launcher.core.SessionPerRequestLauncher.execute(SessionPerRequestLauncher.java:63) [junit-platform-launcher-1.10.0.jar:1.10.0]
	at com.intellij.junit5.JUnit5IdeaTestRunner.startRunnerWithArgs(JUnit5IdeaTestRunner.java:66) [junit5-rt.jar:?]
	at com.intellij.rt.junit.IdeaTestRunner$Repeater$1.execute(IdeaTestRunner.java:38) [junit-rt.jar:?]
	at com.intellij.rt.execution.junit.TestsRepeater.repeat(TestsRepeater.java:11) [idea_rt.jar:?]
	at com.intellij.rt.junit.IdeaTestRunner$Repeater.startRunnerWithArgs(IdeaTestRunner.java:35) [junit-rt.jar:?]
	at com.intellij.rt.junit.JUnitStarter.prepareStreamsAndStart(JUnitStarter.java:231) [junit-rt.jar:?]
	at com.intellij.rt.junit.JUnitStarter.main(JUnitStarter.java:55) [junit-rt.jar:?]
Caused by: org.springframework.beans.factory.UnsatisfiedDependencyException: Error creating bean with name 'jwtAuthenticationFilter' defined in file [C:\Apps and data\Java projects\HotelSpring\app\target\classes\org\hotel\app\security\JwtAuthenticationFilter.class]: Unsatisfied dependency expressed through constructor parameter 0: No qualifying bean of type 'org.hotel.app.security.JwtService' available: expected at least 1 bean which qualifies as autowire candidate. Dependency annotations: {}
	at org.springframework.beans.factory.support.ConstructorResolver.createArgumentArray(ConstructorResolver.java:798) ~[spring-beans-6.1.3.jar:6.1.3]
	at org.springframework.beans.factory.support.ConstructorResolver.autowireConstructor(ConstructorResolver.java:237) ~[spring-beans-6.1.3.jar:6.1.3]
	at org.springframework.beans.factory.support.AbstractAutowireCapableBeanFactory.autowireConstructor(AbstractAutowireCapableBeanFactory.java:1354) ~[spring-beans-6.1.3.jar:6.1.3]
	at org.springframework.beans.factory.support.AbstractAutowireCapableBeanFactory.createBeanInstance(AbstractAutowireCapableBeanFactory.java:1191) ~[spring-beans-6.1.3.jar:6.1.3]
	at org.springframework.beans.factory.support.AbstractAutowireCapableBeanFactory.doCreateBean(AbstractAutowireCapableBeanFactory.java:561) ~[spring-beans-6.1.3.jar:6.1.3]
	at org.springframework.beans.factory.support.AbstractAutowireCapableBeanFactory.createBean(AbstractAutowireCapableBeanFactory.java:521) ~[spring-beans-6.1.3.jar:6.1.3]
	at org.springframework.beans.factory.support.AbstractBeanFactory.lambda$doGetBean$0(AbstractBeanFactory.java:325) ~[spring-beans-6.1.3.jar:6.1.3]
	at org.springframework.beans.factory.support.DefaultSingletonBeanRegistry.getSingleton(DefaultSingletonBeanRegistry.java:234) ~[spring-beans-6.1.3.jar:6.1.3]
	at org.springframework.beans.factory.support.AbstractBeanFactory.doGetBean(AbstractBeanFactory.java:323) ~[spring-beans-6.1.3.jar:6.1.3]
	at org.springframework.beans.factory.support.AbstractBeanFactory.getBean(AbstractBeanFactory.java:199) ~[spring-beans-6.1.3.jar:6.1.3]
	at org.springframework.beans.factory.support.DefaultListableBeanFactory.preInstantiateSingletons(DefaultListableBeanFactory.java:975) ~[spring-beans-6.1.3.jar:6.1.3]
	at org.springframework.context.support.AbstractApplicationContext.finishBeanFactoryInitialization(AbstractApplicationContext.java:959) ~[spring-context-6.1.3.jar:6.1.3]
	at org.springframework.context.support.AbstractApplicationContext.refresh(AbstractApplicationContext.java:624) ~[spring-context-6.1.3.jar:6.1.3]
	at org.springframework.boot.SpringApplication.refresh(SpringApplication.java:754) ~[spring-boot-3.2.2.jar:3.2.2]
	at org.springframework.boot.SpringApplication.refreshContext(SpringApplication.java:456) ~[spring-boot-3.2.2.jar:3.2.2]
	at org.springframework.boot.SpringApplication.run(SpringApplication.java:334) ~[spring-boot-3.2.2.jar:3.2.2]
	at org.springframework.boot.test.context.SpringBootContextLoader.lambda$loadContext$3(SpringBootContextLoader.java:137) ~[spring-boot-test-3.2.2.jar:3.2.2]
	at org.springframework.util.function.ThrowingSupplier.get(ThrowingSupplier.java:58) ~[spring-core-6.1.3.jar:6.1.3]
	at org.springframework.util.function.ThrowingSupplier.get(ThrowingSupplier.java:46) ~[spring-core-6.1.3.jar:6.1.3]
	at org.springframework.boot.SpringApplication.withHook(SpringApplication.java:1454) ~[spring-boot-3.2.2.jar:3.2.2]
	at org.springframework.boot.test.context.SpringBootContextLoader$ContextLoaderHook.run(SpringBootContextLoader.java:552) ~[spring-boot-test-3.2.2.jar:3.2.2]
	at org.springframework.boot.test.context.SpringBootContextLoader.loadContext(SpringBootContextLoader.java:137) ~[spring-boot-test-3.2.2.jar:3.2.2]
	at org.springframework.boot.test.context.SpringBootContextLoader.loadContext(SpringBootContextLoader.java:108) ~[spring-boot-test-3.2.2.jar:3.2.2]
	at org.springframework.test.context.cache.DefaultCacheAwareContextLoaderDelegate.loadContextInternal(DefaultCacheAwareContextLoaderDelegate.java:225) ~[spring-test-6.1.3.jar:6.1.3]
	at org.springframework.test.context.cache.DefaultCacheAwareContextLoaderDelegate.loadContext(DefaultCacheAwareContextLoaderDelegate.java:152) ~[spring-test-6.1.3.jar:6.1.3]
	... 73 more
Caused by: org.springframework.beans.factory.NoSuchBeanDefinitionException: No qualifying bean of type 'org.hotel.app.security.JwtService' available: expected at least 1 bean which qualifies as autowire candidate. Dependency annotations: {}
	at org.springframework.beans.factory.support.DefaultListableBeanFactory.raiseNoMatchingBeanFound(DefaultListableBeanFactory.java:1880) ~[spring-beans-6.1.3.jar:6.1.3]
	at org.springframework.beans.factory.support.DefaultListableBeanFactory.doResolveDependency(DefaultListableBeanFactory.java:1406) ~[spring-beans-6.1.3.jar:6.1.3]
	at org.springframework.beans.factory.support.DefaultListableBeanFactory.resolveDependency(DefaultListableBeanFactory.java:1353) ~[spring-beans-6.1.3.jar:6.1.3]
	at org.springframework.beans.factory.support.ConstructorResolver.resolveAutowiredArgument(ConstructorResolver.java:907) ~[spring-beans-6.1.3.jar:6.1.3]
	at org.springframework.beans.factory.support.ConstructorResolver.createArgumentArray(ConstructorResolver.java:785) ~[spring-beans-6.1.3.jar:6.1.3]
	at org.springframework.beans.factory.support.ConstructorResolver.autowireConstructor(ConstructorResolver.java:237) ~[spring-beans-6.1.3.jar:6.1.3]
	at org.springframework.beans.factory.support.AbstractAutowireCapableBeanFactory.autowireConstructor(AbstractAutowireCapableBeanFactory.java:1354) ~[spring-beans-6.1.3.jar:6.1.3]
	at org.springframework.beans.factory.support.AbstractAutowireCapableBeanFactory.createBeanInstance(AbstractAutowireCapableBeanFactory.java:1191) ~[spring-beans-6.1.3.jar:6.1.3]
	at org.springframework.beans.factory.support.AbstractAutowireCapableBeanFactory.doCreateBean(AbstractAutowireCapableBeanFactory.java:561) ~[spring-beans-6.1.3.jar:6.1.3]
	at org.springframework.beans.factory.support.AbstractAutowireCapableBeanFactory.createBean(AbstractAutowireCapableBeanFactory.java:521) ~[spring-beans-6.1.3.jar:6.1.3]
	at org.springframework.beans.factory.support.AbstractBeanFactory.lambda$doGetBean$0(AbstractBeanFactory.java:325) ~[spring-beans-6.1.3.jar:6.1.3]
	at org.springframework.beans.factory.support.DefaultSingletonBeanRegistry.getSingleton(DefaultSingletonBeanRegistry.java:234) ~[spring-beans-6.1.3.jar:6.1.3]
	at org.springframework.beans.factory.support.AbstractBeanFactory.doGetBean(AbstractBeanFactory.java:323) ~[spring-beans-6.1.3.jar:6.1.3]
	at org.springframework.beans.factory.support.AbstractBeanFactory.getBean(AbstractBeanFactory.java:199) ~[spring-beans-6.1.3.jar:6.1.3]
	at org.springframework.beans.factory.support.DefaultListableBeanFactory.preInstantiateSingletons(DefaultListableBeanFactory.java:975) ~[spring-beans-6.1.3.jar:6.1.3]
	at org.springframework.context.support.AbstractApplicationContext.finishBeanFactoryInitialization(AbstractApplicationContext.java:959) ~[spring-context-6.1.3.jar:6.1.3]
	at org.springframework.context.support.AbstractApplicationContext.refresh(AbstractApplicationContext.java:624) ~[spring-context-6.1.3.jar:6.1.3]
	at org.springframework.boot.SpringApplication.refresh(SpringApplication.java:754) ~[spring-boot-3.2.2.jar:3.2.2]
	at org.springframework.boot.SpringApplication.refreshContext(SpringApplication.java:456) ~[spring-boot-3.2.2.jar:3.2.2]
	at org.springframework.boot.SpringApplication.run(SpringApplication.java:334) ~[spring-boot-3.2.2.jar:3.2.2]
	at org.springframework.boot.test.context.SpringBootContextLoader.lambda$loadContext$3(SpringBootContextLoader.java:137) ~[spring-boot-test-3.2.2.jar:3.2.2]
	at org.springframework.util.function.ThrowingSupplier.get(ThrowingSupplier.java:58) ~[spring-core-6.1.3.jar:6.1.3]
	at org.springframework.util.function.ThrowingSupplier.get(ThrowingSupplier.java:46) ~[spring-core-6.1.3.jar:6.1.3]
	at org.springframework.boot.SpringApplication.withHook(SpringApplication.java:1454) ~[spring-boot-3.2.2.jar:3.2.2]
	at org.springframework.boot.test.context.SpringBootContextLoader$ContextLoaderHook.run(SpringBootContextLoader.java:552) ~[spring-boot-test-3.2.2.jar:3.2.2]
	at org.springframework.boot.test.context.SpringBootContextLoader.loadContext(SpringBootContextLoader.java:137) ~[spring-boot-test-3.2.2.jar:3.2.2]
	at org.springframework.boot.test.context.SpringBootContextLoader.loadContext(SpringBootContextLoader.java:108) ~[spring-boot-test-3.2.2.jar:3.2.2]
	at org.springframework.test.context.cache.DefaultCacheAwareContextLoaderDelegate.loadContextInternal(DefaultCacheAwareContextLoaderDelegate.java:225) ~[spring-test-6.1.3.jar:6.1.3]
	at org.springframework.test.context.cache.DefaultCacheAwareContextLoaderDelegate.loadContext(DefaultCacheAwareContextLoaderDelegate.java:152) ~[spring-test-6.1.3.jar:6.1.3]
	... 73 more
[INFO ] 2026-03-27 17:44:04.878 [main] AnnotationConfigContextLoaderUtils - Could not detect default configuration classes for test class [org.hotel.app.security.AuthentificationControllerTest]: AuthentificationControllerTest does not declare any static, non-private, non-final, nested classes annotated with @Configuration.
[INFO ] 2026-03-27 17:44:05.113 [main] SpringBootTestContextBootstrapper - Found @SpringBootConfiguration org.hotel.app.App for test class org.hotel.app.security.AuthentificationControllerTest
[INFO ] 2026-03-27 17:44:05.775 [main] AuthentificationControllerTest - Starting AuthentificationControllerTest using Java 17.0.12 with PID 3648 (started by Blake in C:\Apps and data\Java projects\HotelSpring\app)
[INFO ] 2026-03-27 17:44:05.781 [main] AuthentificationControllerTest - No active profile set, falling back to 1 default profile: "default"
[WARN ] 2026-03-27 17:44:08.322 [main] GenericWebApplicationContext - Exception encountered during context initialization - cancelling refresh attempt: org.springframework.beans.factory.UnsatisfiedDependencyException: Error creating bean with name 'jwtAuthenticationFilter' defined in file [C:\Apps and data\Java projects\HotelSpring\app\target\classes\org\hotel\app\security\JwtAuthenticationFilter.class]: Unsatisfied dependency expressed through constructor parameter 1: No qualifying bean of type 'org.hotel.model.repository.UserRepository' available: expected at least 1 bean which qualifies as autowire candidate. Dependency annotations: {}
[INFO ] 2026-03-27 17:44:08.338 [main] ConditionEvaluationReportLogger - 

Error starting ApplicationContext. To display the condition evaluation report re-run your application with 'debug' enabled.
[ERROR] 2026-03-27 17:44:08.423 [main] LoggingFailureAnalysisReporter - 

***************************
APPLICATION FAILED TO START
***************************

Description:

Parameter 1 of constructor in org.hotel.app.security.JwtAuthenticationFilter required a bean of type 'org.hotel.model.repository.UserRepository' that could not be found.


Action:

Consider defining a bean of type 'org.hotel.model.repository.UserRepository' in your configuration.

[WARN ] 2026-03-27 17:44:08.444 [main] TestContextManager - Caught exception while allowing TestExecutionListener [org.springframework.boot.test.mock.mockito.MockitoTestExecutionListener] to prepare test instance [org.hotel.app.security.AuthentificationControllerTest@2296127]
java.lang.IllegalStateException: Failed to load ApplicationContext for [WebMergedContextConfiguration@34fcd292 testClass = org.hotel.app.security.AuthentificationControllerTest, locations = [], classes = [org.hotel.app.App], contextInitializerClasses = [], activeProfiles = [], propertySourceDescriptors = [], propertySourceProperties = ["org.springframework.boot.test.autoconfigure.web.servlet.WebMvcTestContextBootstrapper=true"], contextCustomizers = [[ImportsContextCustomizer@63db743d key = [org.springframework.boot.autoconfigure.task.TaskExecutionAutoConfiguration, org.springframework.boot.autoconfigure.cache.CacheAutoConfiguration, org.springframework.boot.autoconfigure.web.servlet.HttpEncodingAutoConfiguration, org.springframework.boot.autoconfigure.validation.ValidationAutoConfiguration, org.springframework.boot.autoconfigure.context.MessageSourceAutoConfiguration, org.springframework.boot.autoconfigure.hateoas.HypermediaAutoConfiguration, org.springframework.boot.autoconfigure.data.web.SpringDataWebAutoConfiguration, org.springframework.boot.autoconfigure.jackson.JacksonAutoConfiguration, org.springframework.boot.test.autoconfigure.web.reactive.WebTestClientAutoConfiguration, org.springframework.boot.autoconfigure.web.servlet.error.ErrorMvcAutoConfiguration, org.springframework.boot.test.autoconfigure.web.servlet.MockMvcAutoConfiguration, org.springframework.boot.autoconfigure.security.servlet.SecurityAutoConfiguration, org.springframework.boot.autoconfigure.security.servlet.SecurityFilterAutoConfiguration, org.springframework.boot.autoconfigure.http.HttpMessageConvertersAutoConfiguration, org.springframework.boot.autoconfigure.security.oauth2.client.servlet.OAuth2ClientAutoConfiguration, org.springframework.boot.test.autoconfigure.web.servlet.MockMvcSecurityConfiguration, org.springframework.boot.test.autoconfigure.web.servlet.MockMvcWebClientAutoConfiguration, org.springframework.boot.test.autoconfigure.web.servlet.MockMvcWebDriverAutoConfiguration, org.springframework.boot.autoconfigure.thymeleaf.ThymeleafAutoConfiguration, org.springframework.boot.autoconfigure.gson.GsonAutoConfiguration, org.springframework.boot.autoconfigure.jsonb.JsonbAutoConfiguration, org.springframework.boot.autoconfigure.freemarker.FreeMarkerAutoConfiguration, org.springframework.boot.autoconfigure.web.servlet.WebMvcAutoConfiguration, org.springframework.boot.autoconfigure.security.servlet.UserDetailsServiceAutoConfiguration, org.springframework.boot.autoconfigure.security.oauth2.resource.servlet.OAuth2ResourceServerAutoConfiguration, org.springframework.boot.autoconfigure.groovy.template.GroovyTemplateAutoConfiguration, org.springframework.boot.autoconfigure.mustache.MustacheAutoConfiguration]], org.springframework.boot.test.context.filter.ExcludeFilterContextCustomizer@5ca17ab0, org.springframework.boot.test.json.DuplicateJsonObjectContextCustomizerFactory$DuplicateJsonObjectContextCustomizer@35293c05, org.springframework.boot.test.mock.mockito.MockitoContextCustomizer@b9e6fe30, org.springframework.boot.test.autoconfigure.OverrideAutoConfigurationContextCustomizerFactory$DisableAutoConfigurationContextCustomizer@41200e0c, org.springframework.boot.test.autoconfigure.actuate.observability.ObservabilityContextCustomizerFactory$DisableObservabilityContextCustomizer@1f, org.springframework.boot.test.autoconfigure.filter.TypeExcludeFiltersContextCustomizer@f71729a2, org.springframework.boot.test.autoconfigure.properties.PropertyMappingContextCustomizer@18c0c332, org.springframework.boot.test.autoconfigure.web.servlet.WebDriverContextCustomizer@669253b7, org.springframework.boot.test.context.SpringBootTestAnnotation@6a905b94], resourceBasePath = "src/main/webapp", contextLoader = org.springframework.boot.test.context.SpringBootContextLoader, parent = null]
	at org.springframework.test.context.cache.DefaultCacheAwareContextLoaderDelegate.loadContext(DefaultCacheAwareContextLoaderDelegate.java:180) ~[spring-test-6.1.3.jar:6.1.3]
	at org.springframework.test.context.support.DefaultTestContext.getApplicationContext(DefaultTestContext.java:130) ~[spring-test-6.1.3.jar:6.1.3]
	at org.springframework.boot.test.mock.mockito.MockitoTestExecutionListener.postProcessFields(MockitoTestExecutionListener.java:110) ~[spring-boot-test-3.2.2.jar:3.2.2]
	at org.springframework.boot.test.mock.mockito.MockitoTestExecutionListener.injectFields(MockitoTestExecutionListener.java:94) ~[spring-boot-test-3.2.2.jar:3.2.2]
	at org.springframework.boot.test.mock.mockito.MockitoTestExecutionListener.prepareTestInstance(MockitoTestExecutionListener.java:61) ~[spring-boot-test-3.2.2.jar:3.2.2]
	at org.springframework.test.context.TestContextManager.prepareTestInstance(TestContextManager.java:260) ~[spring-test-6.1.3.jar:6.1.3]
	at org.springframework.test.context.junit.jupiter.SpringExtension.postProcessTestInstance(SpringExtension.java:163) ~[spring-test-6.1.3.jar:6.1.3]
	at org.junit.jupiter.engine.descriptor.ClassBasedTestDescriptor.lambda$invokeTestInstancePostProcessors$10(ClassBasedTestDescriptor.java:378) ~[junit-jupiter-engine-5.10.0.jar:5.10.0]
	at org.junit.jupiter.engine.descriptor.ClassBasedTestDescriptor.executeAndMaskThrowable(ClassBasedTestDescriptor.java:383) ~[junit-jupiter-engine-5.10.0.jar:5.10.0]
	at org.junit.jupiter.engine.descriptor.ClassBasedTestDescriptor.lambda$invokeTestInstancePostProcessors$11(ClassBasedTestDescriptor.java:378) ~[junit-jupiter-engine-5.10.0.jar:5.10.0]
	at java.base/java.util.stream.ReferencePipeline$3$1.accept(ReferencePipeline.java:197) ~[?:?]
	at java.base/java.util.stream.ReferencePipeline$2$1.accept(ReferencePipeline.java:179) ~[?:?]
	at java.base/java.util.ArrayList$ArrayListSpliterator.forEachRemaining(ArrayList.java:1625) ~[?:?]
	at java.base/java.util.stream.AbstractPipeline.copyInto(AbstractPipeline.java:509) ~[?:?]
	at java.base/java.util.stream.AbstractPipeline.wrapAndCopyInto(AbstractPipeline.java:499) ~[?:?]
	at java.base/java.util.stream.StreamSpliterators$WrappingSpliterator.forEachRemaining(StreamSpliterators.java:310) ~[?:?]
	at java.base/java.util.stream.Streams$ConcatSpliterator.forEachRemaining(Streams.java:735) ~[?:?]
	at java.base/java.util.stream.Streams$ConcatSpliterator.forEachRemaining(Streams.java:734) ~[?:?]
	at java.base/java.util.stream.ReferencePipeline$Head.forEach(ReferencePipeline.java:762) ~[?:?]
	at org.junit.jupiter.engine.descriptor.ClassBasedTestDescriptor.invokeTestInstancePostProcessors(ClassBasedTestDescriptor.java:377) ~[junit-jupiter-engine-5.10.0.jar:5.10.0]
	at org.junit.jupiter.engine.descriptor.ClassBasedTestDescriptor.lambda$instantiateAndPostProcessTestInstance$6(ClassBasedTestDescriptor.java:290) ~[junit-jupiter-engine-5.10.0.jar:5.10.0]
	at org.junit.platform.engine.support.hierarchical.ThrowableCollector.execute(ThrowableCollector.java:73) ~[junit-platform-engine-1.10.0.jar:1.10.0]
	at org.junit.jupiter.engine.descriptor.ClassBasedTestDescriptor.instantiateAndPostProcessTestInstance(ClassBasedTestDescriptor.java:289) ~[junit-jupiter-engine-5.10.0.jar:5.10.0]
	at org.junit.jupiter.engine.descriptor.ClassBasedTestDescriptor.lambda$testInstancesProvider$4(ClassBasedTestDescriptor.java:279) ~[junit-jupiter-engine-5.10.0.jar:5.10.0]
	at java.base/java.util.Optional.orElseGet(Optional.java:364) ~[?:?]
	at org.junit.jupiter.engine.descriptor.ClassBasedTestDescriptor.lambda$testInstancesProvider$5(ClassBasedTestDescriptor.java:278) ~[junit-jupiter-engine-5.10.0.jar:5.10.0]
	at org.junit.jupiter.engine.execution.TestInstancesProvider.getTestInstances(TestInstancesProvider.java:31) ~[junit-jupiter-engine-5.10.0.jar:5.10.0]
	at org.junit.jupiter.engine.descriptor.TestMethodTestDescriptor.lambda$prepare$0(TestMethodTestDescriptor.java:106) ~[junit-jupiter-engine-5.10.0.jar:5.10.0]
	at org.junit.platform.engine.support.hierarchical.ThrowableCollector.execute(ThrowableCollector.java:73) ~[junit-platform-engine-1.10.0.jar:1.10.0]
	at org.junit.jupiter.engine.descriptor.TestMethodTestDescriptor.prepare(TestMethodTestDescriptor.java:105) ~[junit-jupiter-engine-5.10.0.jar:5.10.0]
	at org.junit.jupiter.engine.descriptor.TestMethodTestDescriptor.prepare(TestMethodTestDescriptor.java:69) ~[junit-jupiter-engine-5.10.0.jar:5.10.0]
	at org.junit.platform.engine.support.hierarchical.NodeTestTask.lambda$prepare$2(NodeTestTask.java:123) ~[junit-platform-engine-1.10.0.jar:1.10.0]
	at org.junit.platform.engine.support.hierarchical.ThrowableCollector.execute(ThrowableCollector.java:73) ~[junit-platform-engine-1.10.0.jar:1.10.0]
	at org.junit.platform.engine.support.hierarchical.NodeTestTask.prepare(NodeTestTask.java:123) ~[junit-platform-engine-1.10.0.jar:1.10.0]
	at org.junit.platform.engine.support.hierarchical.NodeTestTask.execute(NodeTestTask.java:90) ~[junit-platform-engine-1.10.0.jar:1.10.0]
	at java.base/java.util.ArrayList.forEach(ArrayList.java:1511) ~[?:?]
	at org.junit.platform.engine.support.hierarchical.SameThreadHierarchicalTestExecutorService.invokeAll(SameThreadHierarchicalTestExecutorService.java:41) ~[junit-platform-engine-1.10.0.jar:1.10.0]
	at org.junit.platform.engine.support.hierarchical.NodeTestTask.lambda$executeRecursively$6(NodeTestTask.java:155) ~[junit-platform-engine-1.10.0.jar:1.10.0]
	at org.junit.platform.engine.support.hierarchical.ThrowableCollector.execute(ThrowableCollector.java:73) ~[junit-platform-engine-1.10.0.jar:1.10.0]
	at org.junit.platform.engine.support.hierarchical.NodeTestTask.lambda$executeRecursively$8(NodeTestTask.java:141) ~[junit-platform-engine-1.10.0.jar:1.10.0]
	at org.junit.platform.engine.support.hierarchical.Node.around(Node.java:137) ~[junit-platform-engine-1.10.0.jar:1.10.0]
	at org.junit.platform.engine.support.hierarchical.NodeTestTask.lambda$executeRecursively$9(NodeTestTask.java:139) ~[junit-platform-engine-1.10.0.jar:1.10.0]
	at org.junit.platform.engine.support.hierarchical.ThrowableCollector.execute(ThrowableCollector.java:73) ~[junit-platform-engine-1.10.0.jar:1.10.0]
	at org.junit.platform.engine.support.hierarchical.NodeTestTask.executeRecursively(NodeTestTask.java:138) ~[junit-platform-engine-1.10.0.jar:1.10.0]
	at org.junit.platform.engine.support.hierarchical.NodeTestTask.execute(NodeTestTask.java:95) ~[junit-platform-engine-1.10.0.jar:1.10.0]
	at java.base/java.util.ArrayList.forEach(ArrayList.java:1511) ~[?:?]
	at org.junit.platform.engine.support.hierarchical.SameThreadHierarchicalTestExecutorService.invokeAll(SameThreadHierarchicalTestExecutorService.java:41) ~[junit-platform-engine-1.10.0.jar:1.10.0]
	at org.junit.platform.engine.support.hierarchical.NodeTestTask.lambda$executeRecursively$6(NodeTestTask.java:155) ~[junit-platform-engine-1.10.0.jar:1.10.0]
	at org.junit.platform.engine.support.hierarchical.ThrowableCollector.execute(ThrowableCollector.java:73) ~[junit-platform-engine-1.10.0.jar:1.10.0]
	at org.junit.platform.engine.support.hierarchical.NodeTestTask.lambda$executeRecursively$8(NodeTestTask.java:141) ~[junit-platform-engine-1.10.0.jar:1.10.0]
	at org.junit.platform.engine.support.hierarchical.Node.around(Node.java:137) ~[junit-platform-engine-1.10.0.jar:1.10.0]
	at org.junit.platform.engine.support.hierarchical.NodeTestTask.lambda$executeRecursively$9(NodeTestTask.java:139) ~[junit-platform-engine-1.10.0.jar:1.10.0]
	at org.junit.platform.engine.support.hierarchical.ThrowableCollector.execute(ThrowableCollector.java:73) ~[junit-platform-engine-1.10.0.jar:1.10.0]
	at org.junit.platform.engine.support.hierarchical.NodeTestTask.executeRecursively(NodeTestTask.java:138) ~[junit-platform-engine-1.10.0.jar:1.10.0]
	at org.junit.platform.engine.support.hierarchical.NodeTestTask.execute(NodeTestTask.java:95) ~[junit-platform-engine-1.10.0.jar:1.10.0]
	at org.junit.platform.engine.support.hierarchical.SameThreadHierarchicalTestExecutorService.submit(SameThreadHierarchicalTestExecutorService.java:35) ~[junit-platform-engine-1.10.0.jar:1.10.0]
	at org.junit.platform.engine.support.hierarchical.HierarchicalTestExecutor.execute(HierarchicalTestExecutor.java:57) ~[junit-platform-engine-1.10.0.jar:1.10.0]
	at org.junit.platform.engine.support.hierarchical.HierarchicalTestEngine.execute(HierarchicalTestEngine.java:54) ~[junit-platform-engine-1.10.0.jar:1.10.0]
	at org.junit.platform.launcher.core.EngineExecutionOrchestrator.execute(EngineExecutionOrchestrator.java:198) ~[junit-platform-launcher-1.10.0.jar:1.10.0]
	at org.junit.platform.launcher.core.EngineExecutionOrchestrator.execute(EngineExecutionOrchestrator.java:169) ~[junit-platform-launcher-1.10.0.jar:1.10.0]
	at org.junit.platform.launcher.core.EngineExecutionOrchestrator.execute(EngineExecutionOrchestrator.java:93) ~[junit-platform-launcher-1.10.0.jar:1.10.0]
	at org.junit.platform.launcher.core.EngineExecutionOrchestrator.lambda$execute$0(EngineExecutionOrchestrator.java:58) ~[junit-platform-launcher-1.10.0.jar:1.10.0]
	at org.junit.platform.launcher.core.EngineExecutionOrchestrator.withInterceptedStreams(EngineExecutionOrchestrator.java:141) [junit-platform-launcher-1.10.0.jar:1.10.0]
	at org.junit.platform.launcher.core.EngineExecutionOrchestrator.execute(EngineExecutionOrchestrator.java:57) [junit-platform-launcher-1.10.0.jar:1.10.0]
	at org.junit.platform.launcher.core.DefaultLauncher.execute(DefaultLauncher.java:103) [junit-platform-launcher-1.10.0.jar:1.10.0]
	at org.junit.platform.launcher.core.DefaultLauncher.execute(DefaultLauncher.java:85) [junit-platform-launcher-1.10.0.jar:1.10.0]
	at org.junit.platform.launcher.core.DelegatingLauncher.execute(DelegatingLauncher.java:47) [junit-platform-launcher-1.10.0.jar:1.10.0]
	at org.junit.platform.launcher.core.SessionPerRequestLauncher.execute(SessionPerRequestLauncher.java:63) [junit-platform-launcher-1.10.0.jar:1.10.0]
	at com.intellij.junit5.JUnit5IdeaTestRunner.startRunnerWithArgs(JUnit5IdeaTestRunner.java:66) [junit5-rt.jar:?]
	at com.intellij.rt.junit.IdeaTestRunner$Repeater$1.execute(IdeaTestRunner.java:38) [junit-rt.jar:?]
	at com.intellij.rt.execution.junit.TestsRepeater.repeat(TestsRepeater.java:11) [idea_rt.jar:?]
	at com.intellij.rt.junit.IdeaTestRunner$Repeater.startRunnerWithArgs(IdeaTestRunner.java:35) [junit-rt.jar:?]
	at com.intellij.rt.junit.JUnitStarter.prepareStreamsAndStart(JUnitStarter.java:231) [junit-rt.jar:?]
	at com.intellij.rt.junit.JUnitStarter.main(JUnitStarter.java:55) [junit-rt.jar:?]
Caused by: org.springframework.beans.factory.UnsatisfiedDependencyException: Error creating bean with name 'jwtAuthenticationFilter' defined in file [C:\Apps and data\Java projects\HotelSpring\app\target\classes\org\hotel\app\security\JwtAuthenticationFilter.class]: Unsatisfied dependency expressed through constructor parameter 1: No qualifying bean of type 'org.hotel.model.repository.UserRepository' available: expected at least 1 bean which qualifies as autowire candidate. Dependency annotations: {}
	at org.springframework.beans.factory.support.ConstructorResolver.createArgumentArray(ConstructorResolver.java:798) ~[spring-beans-6.1.3.jar:6.1.3]
	at org.springframework.beans.factory.support.ConstructorResolver.autowireConstructor(ConstructorResolver.java:237) ~[spring-beans-6.1.3.jar:6.1.3]
	at org.springframework.beans.factory.support.AbstractAutowireCapableBeanFactory.autowireConstructor(AbstractAutowireCapableBeanFactory.java:1354) ~[spring-beans-6.1.3.jar:6.1.3]
	at org.springframework.beans.factory.support.AbstractAutowireCapableBeanFactory.createBeanInstance(AbstractAutowireCapableBeanFactory.java:1191) ~[spring-beans-6.1.3.jar:6.1.3]
	at org.springframework.beans.factory.support.AbstractAutowireCapableBeanFactory.doCreateBean(AbstractAutowireCapableBeanFactory.java:561) ~[spring-beans-6.1.3.jar:6.1.3]
	at org.springframework.beans.factory.support.AbstractAutowireCapableBeanFactory.createBean(AbstractAutowireCapableBeanFactory.java:521) ~[spring-beans-6.1.3.jar:6.1.3]
	at org.springframework.beans.factory.support.AbstractBeanFactory.lambda$doGetBean$0(AbstractBeanFactory.java:325) ~[spring-beans-6.1.3.jar:6.1.3]
	at org.springframework.beans.factory.support.DefaultSingletonBeanRegistry.getSingleton(DefaultSingletonBeanRegistry.java:234) ~[spring-beans-6.1.3.jar:6.1.3]
	at org.springframework.beans.factory.support.AbstractBeanFactory.doGetBean(AbstractBeanFactory.java:323) ~[spring-beans-6.1.3.jar:6.1.3]
	at org.springframework.beans.factory.support.AbstractBeanFactory.getBean(AbstractBeanFactory.java:199) ~[spring-beans-6.1.3.jar:6.1.3]
	at org.springframework.beans.factory.support.DefaultListableBeanFactory.preInstantiateSingletons(DefaultListableBeanFactory.java:975) ~[spring-beans-6.1.3.jar:6.1.3]
	at org.springframework.context.support.AbstractApplicationContext.finishBeanFactoryInitialization(AbstractApplicationContext.java:959) ~[spring-context-6.1.3.jar:6.1.3]
	at org.springframework.context.support.AbstractApplicationContext.refresh(AbstractApplicationContext.java:624) ~[spring-context-6.1.3.jar:6.1.3]
	at org.springframework.boot.SpringApplication.refresh(SpringApplication.java:754) ~[spring-boot-3.2.2.jar:3.2.2]
	at org.springframework.boot.SpringApplication.refreshContext(SpringApplication.java:456) ~[spring-boot-3.2.2.jar:3.2.2]
	at org.springframework.boot.SpringApplication.run(SpringApplication.java:334) ~[spring-boot-3.2.2.jar:3.2.2]
	at org.springframework.boot.test.context.SpringBootContextLoader.lambda$loadContext$3(SpringBootContextLoader.java:137) ~[spring-boot-test-3.2.2.jar:3.2.2]
	at org.springframework.util.function.ThrowingSupplier.get(ThrowingSupplier.java:58) ~[spring-core-6.1.3.jar:6.1.3]
	at org.springframework.util.function.ThrowingSupplier.get(ThrowingSupplier.java:46) ~[spring-core-6.1.3.jar:6.1.3]
	at org.springframework.boot.SpringApplication.withHook(SpringApplication.java:1454) ~[spring-boot-3.2.2.jar:3.2.2]
	at org.springframework.boot.test.context.SpringBootContextLoader$ContextLoaderHook.run(SpringBootContextLoader.java:552) ~[spring-boot-test-3.2.2.jar:3.2.2]
	at org.springframework.boot.test.context.SpringBootContextLoader.loadContext(SpringBootContextLoader.java:137) ~[spring-boot-test-3.2.2.jar:3.2.2]
	at org.springframework.boot.test.context.SpringBootContextLoader.loadContext(SpringBootContextLoader.java:108) ~[spring-boot-test-3.2.2.jar:3.2.2]
	at org.springframework.test.context.cache.DefaultCacheAwareContextLoaderDelegate.loadContextInternal(DefaultCacheAwareContextLoaderDelegate.java:225) ~[spring-test-6.1.3.jar:6.1.3]
	at org.springframework.test.context.cache.DefaultCacheAwareContextLoaderDelegate.loadContext(DefaultCacheAwareContextLoaderDelegate.java:152) ~[spring-test-6.1.3.jar:6.1.3]
	... 73 more
Caused by: org.springframework.beans.factory.NoSuchBeanDefinitionException: No qualifying bean of type 'org.hotel.model.repository.UserRepository' available: expected at least 1 bean which qualifies as autowire candidate. Dependency annotations: {}
	at org.springframework.beans.factory.support.DefaultListableBeanFactory.raiseNoMatchingBeanFound(DefaultListableBeanFactory.java:1880) ~[spring-beans-6.1.3.jar:6.1.3]
	at org.springframework.beans.factory.support.DefaultListableBeanFactory.doResolveDependency(DefaultListableBeanFactory.java:1406) ~[spring-beans-6.1.3.jar:6.1.3]
	at org.springframework.beans.factory.support.DefaultListableBeanFactory.resolveDependency(DefaultListableBeanFactory.java:1353) ~[spring-beans-6.1.3.jar:6.1.3]
	at org.springframework.beans.factory.support.ConstructorResolver.resolveAutowiredArgument(ConstructorResolver.java:907) ~[spring-beans-6.1.3.jar:6.1.3]
	at org.springframework.beans.factory.support.ConstructorResolver.createArgumentArray(ConstructorResolver.java:785) ~[spring-beans-6.1.3.jar:6.1.3]
	at org.springframework.beans.factory.support.ConstructorResolver.autowireConstructor(ConstructorResolver.java:237) ~[spring-beans-6.1.3.jar:6.1.3]
	at org.springframework.beans.factory.support.AbstractAutowireCapableBeanFactory.autowireConstructor(AbstractAutowireCapableBeanFactory.java:1354) ~[spring-beans-6.1.3.jar:6.1.3]
	at org.springframework.beans.factory.support.AbstractAutowireCapableBeanFactory.createBeanInstance(AbstractAutowireCapableBeanFactory.java:1191) ~[spring-beans-6.1.3.jar:6.1.3]
	at org.springframework.beans.factory.support.AbstractAutowireCapableBeanFactory.doCreateBean(AbstractAutowireCapableBeanFactory.java:561) ~[spring-beans-6.1.3.jar:6.1.3]
	at org.springframework.beans.factory.support.AbstractAutowireCapableBeanFactory.createBean(AbstractAutowireCapableBeanFactory.java:521) ~[spring-beans-6.1.3.jar:6.1.3]
	at org.springframework.beans.factory.support.AbstractBeanFactory.lambda$doGetBean$0(AbstractBeanFactory.java:325) ~[spring-beans-6.1.3.jar:6.1.3]
	at org.springframework.beans.factory.support.DefaultSingletonBeanRegistry.getSingleton(DefaultSingletonBeanRegistry.java:234) ~[spring-beans-6.1.3.jar:6.1.3]
	at org.springframework.beans.factory.support.AbstractBeanFactory.doGetBean(AbstractBeanFactory.java:323) ~[spring-beans-6.1.3.jar:6.1.3]
	at org.springframework.beans.factory.support.AbstractBeanFactory.getBean(AbstractBeanFactory.java:199) ~[spring-beans-6.1.3.jar:6.1.3]
	at org.springframework.beans.factory.support.DefaultListableBeanFactory.preInstantiateSingletons(DefaultListableBeanFactory.java:975) ~[spring-beans-6.1.3.jar:6.1.3]
	at org.springframework.context.support.AbstractApplicationContext.finishBeanFactoryInitialization(AbstractApplicationContext.java:959) ~[spring-context-6.1.3.jar:6.1.3]
	at org.springframework.context.support.AbstractApplicationContext.refresh(AbstractApplicationContext.java:624) ~[spring-context-6.1.3.jar:6.1.3]
	at org.springframework.boot.SpringApplication.refresh(SpringApplication.java:754) ~[spring-boot-3.2.2.jar:3.2.2]
	at org.springframework.boot.SpringApplication.refreshContext(SpringApplication.java:456) ~[spring-boot-3.2.2.jar:3.2.2]
	at org.springframework.boot.SpringApplication.run(SpringApplication.java:334) ~[spring-boot-3.2.2.jar:3.2.2]
	at org.springframework.boot.test.context.SpringBootContextLoader.lambda$loadContext$3(SpringBootContextLoader.java:137) ~[spring-boot-test-3.2.2.jar:3.2.2]
	at org.springframework.util.function.ThrowingSupplier.get(ThrowingSupplier.java:58) ~[spring-core-6.1.3.jar:6.1.3]
	at org.springframework.util.function.ThrowingSupplier.get(ThrowingSupplier.java:46) ~[spring-core-6.1.3.jar:6.1.3]
	at org.springframework.boot.SpringApplication.withHook(SpringApplication.java:1454) ~[spring-boot-3.2.2.jar:3.2.2]
	at org.springframework.boot.test.context.SpringBootContextLoader$ContextLoaderHook.run(SpringBootContextLoader.java:552) ~[spring-boot-test-3.2.2.jar:3.2.2]
	at org.springframework.boot.test.context.SpringBootContextLoader.loadContext(SpringBootContextLoader.java:137) ~[spring-boot-test-3.2.2.jar:3.2.2]
	at org.springframework.boot.test.context.SpringBootContextLoader.loadContext(SpringBootContextLoader.java:108) ~[spring-boot-test-3.2.2.jar:3.2.2]
	at org.springframework.test.context.cache.DefaultCacheAwareContextLoaderDelegate.loadContextInternal(DefaultCacheAwareContextLoaderDelegate.java:225) ~[spring-test-6.1.3.jar:6.1.3]
	at org.springframework.test.context.cache.DefaultCacheAwareContextLoaderDelegate.loadContext(DefaultCacheAwareContextLoaderDelegate.java:152) ~[spring-test-6.1.3.jar:6.1.3]
	... 73 more
[INFO ] 2026-03-27 17:45:09.045 [main] AnnotationConfigContextLoaderUtils - Could not detect default configuration classes for test class [org.hotel.app.security.AuthentificationControllerTest]: AuthentificationControllerTest does not declare any static, non-private, non-final, nested classes annotated with @Configuration.
[INFO ] 2026-03-27 17:45:09.284 [main] SpringBootTestContextBootstrapper - Found @SpringBootConfiguration org.hotel.app.App for test class org.hotel.app.security.AuthentificationControllerTest
[INFO ] 2026-03-27 17:45:09.871 [main] AuthentificationControllerTest - Starting AuthentificationControllerTest using Java 17.0.12 with PID 15208 (started by Blake in C:\Apps and data\Java projects\HotelSpring\app)
[INFO ] 2026-03-27 17:45:09.878 [main] AuthentificationControllerTest - No active profile set, falling back to 1 default profile: "default"
[INFO ] 2026-03-27 17:45:13.668 [main] DefaultSecurityFilterChain - Will secure any request with [org.springframework.security.web.session.DisableEncodeUrlFilter@17befef0, org.springframework.security.web.context.request.async.WebAsyncManagerIntegrationFilter@5072e638, org.springframework.security.web.context.SecurityContextHolderFilter@35454c7a, org.springframework.security.web.header.HeaderWriterFilter@1a0ffb9b, org.springframework.web.filter.CorsFilter@3129299f, org.springframework.security.web.csrf.CsrfFilter@7d7d8911, org.springframework.security.web.authentication.logout.LogoutFilter@78e387d6, org.springframework.security.web.authentication.UsernamePasswordAuthenticationFilter@2a16d4dc, org.springframework.security.web.authentication.ui.DefaultLoginPageGeneratingFilter@79c4f23b, org.springframework.security.web.authentication.ui.DefaultLogoutPageGeneratingFilter@2f73f0c7, org.springframework.security.web.authentication.www.BasicAuthenticationFilter@5402612e, org.springframework.security.web.savedrequest.RequestCacheAwareFilter@319aa9ee, org.springframework.security.web.servletapi.SecurityContextHolderAwareRequestFilter@1d806de6, org.springframework.security.web.authentication.AnonymousAuthenticationFilter@4fdac2a7, org.springframework.security.web.access.ExceptionTranslationFilter@116fc29e, org.springframework.security.web.access.intercept.AuthorizationFilter@5ad0c70a]
[INFO ] 2026-03-27 17:45:13.782 [main] SpringBootMockServletContext - Initializing Spring TestDispatcherServlet ''
[INFO ] 2026-03-27 17:45:13.782 [main] TestDispatcherServlet - Initializing Servlet ''
[INFO ] 2026-03-27 17:45:13.786 [main] TestDispatcherServlet - Completed initialization in 3 ms
[INFO ] 2026-03-27 17:45:13.826 [main] AuthentificationControllerTest - Started AuthentificationControllerTest in 4.385 seconds (process running for 6.78)
[INFO ] 2026-03-27 17:47:18.147 [main] AnnotationConfigContextLoaderUtils - Could not detect default configuration classes for test class [org.hotel.app.security.AuthentificationControllerTest]: AuthentificationControllerTest does not declare any static, non-private, non-final, nested classes annotated with @Configuration.
[INFO ] 2026-03-27 17:47:18.377 [main] SpringBootTestContextBootstrapper - Found @SpringBootConfiguration org.hotel.app.App for test class org.hotel.app.security.AuthentificationControllerTest
[INFO ] 2026-03-27 17:47:18.969 [main] AuthentificationControllerTest - Starting AuthentificationControllerTest using Java 17.0.12 with PID 6260 (started by Blake in C:\Apps and data\Java projects\HotelSpring\app)
[INFO ] 2026-03-27 17:47:18.977 [main] AuthentificationControllerTest - No active profile set, falling back to 1 default profile: "default"
[INFO ] 2026-03-27 17:47:22.873 [main] DefaultSecurityFilterChain - Will secure any request with [org.springframework.security.web.session.DisableEncodeUrlFilter@ca2be53, org.springframework.security.web.context.request.async.WebAsyncManagerIntegrationFilter@78f5cbc5, org.springframework.security.web.context.SecurityContextHolderFilter@1da5c19d, org.springframework.security.web.header.HeaderWriterFilter@6e49b011, org.springframework.web.filter.CorsFilter@70697478, org.springframework.security.web.csrf.CsrfFilter@cf984d9, org.springframework.security.web.authentication.logout.LogoutFilter@71262020, org.springframework.security.web.authentication.UsernamePasswordAuthenticationFilter@4cd5fc46, org.springframework.security.web.authentication.ui.DefaultLoginPageGeneratingFilter@edbc2bf, org.springframework.security.web.authentication.ui.DefaultLogoutPageGeneratingFilter@42b43a6, org.springframework.security.web.authentication.www.BasicAuthenticationFilter@1f5d7fd5, org.springframework.security.web.savedrequest.RequestCacheAwareFilter@e706aa, org.springframework.security.web.servletapi.SecurityContextHolderAwareRequestFilter@25e6c22a, org.springframework.security.web.authentication.AnonymousAuthenticationFilter@1d622556, org.springframework.security.web.access.ExceptionTranslationFilter@62883f8a, org.springframework.security.web.access.intercept.AuthorizationFilter@192f5f39]
[INFO ] 2026-03-27 17:47:22.994 [main] SpringBootMockServletContext - Initializing Spring TestDispatcherServlet ''
[INFO ] 2026-03-27 17:47:22.994 [main] TestDispatcherServlet - Initializing Servlet ''
[INFO ] 2026-03-27 17:47:22.997 [main] TestDispatcherServlet - Completed initialization in 3 ms
[INFO ] 2026-03-27 17:47:23.044 [main] AuthentificationControllerTest - Started AuthentificationControllerTest in 4.502 seconds (process running for 6.931)
[INFO ] 2026-03-27 17:47:40.772 [main] AnnotationConfigContextLoaderUtils - Could not detect default configuration classes for test class [org.hotel.app.security.AuthentificationControllerTest]: AuthentificationControllerTest does not declare any static, non-private, non-final, nested classes annotated with @Configuration.
[INFO ] 2026-03-27 17:47:41.023 [main] SpringBootTestContextBootstrapper - Found @SpringBootConfiguration org.hotel.app.App for test class org.hotel.app.security.AuthentificationControllerTest
[INFO ] 2026-03-27 17:47:41.644 [main] AuthentificationControllerTest - Starting AuthentificationControllerTest using Java 17.0.12 with PID 6252 (started by Blake in C:\Apps and data\Java projects\HotelSpring\app)
[INFO ] 2026-03-27 17:47:41.651 [main] AuthentificationControllerTest - No active profile set, falling back to 1 default profile: "default"
[WARN ] 2026-03-27 17:47:44.497 [main] GenericWebApplicationContext - Exception encountered during context initialization - cancelling refresh attempt: org.springframework.beans.factory.UnsatisfiedDependencyException: Error creating bean with name 'org.springframework.security.config.annotation.web.configuration.WebSecurityConfiguration': Unsatisfied dependency expressed through field 'httpSecurity': Error creating bean with name 'org.springframework.security.config.annotation.web.configuration.HttpSecurityConfiguration.httpSecurity' defined in class path resource [org/springframework/security/config/annotation/web/configuration/HttpSecurityConfiguration.class]: Failed to instantiate [org.springframework.security.config.annotation.web.builders.HttpSecurity]: Factory method 'httpSecurity' threw exception with message: Error creating bean with name 'org.hotel.app.security.SecurityConfig': Unsatisfied dependency expressed through constructor parameter 1: No qualifying bean of type 'org.springframework.security.authentication.AuthenticationProvider' available: expected at least 1 bean which qualifies as autowire candidate. Dependency annotations: {}
[INFO ] 2026-03-27 17:47:44.514 [main] ConditionEvaluationReportLogger - 

Error starting ApplicationContext. To display the condition evaluation report re-run your application with 'debug' enabled.
[ERROR] 2026-03-27 17:47:44.597 [main] LoggingFailureAnalysisReporter - 

***************************
APPLICATION FAILED TO START
***************************

Description:

Parameter 1 of constructor in org.hotel.app.security.SecurityConfig required a bean of type 'org.springframework.security.authentication.AuthenticationProvider' that could not be found.

The injection point has the following annotations:
	- @org.springframework.beans.factory.annotation.Autowired(required=false)


Action:

Consider defining a bean of type 'org.springframework.security.authentication.AuthenticationProvider' in your configuration.

[WARN ] 2026-03-27 17:47:44.617 [main] TestContextManager - Caught exception while allowing TestExecutionListener [org.springframework.boot.test.mock.mockito.MockitoTestExecutionListener] to prepare test instance [org.hotel.app.security.AuthentificationControllerTest@520a95ff]
java.lang.IllegalStateException: Failed to load ApplicationContext for [WebMergedContextConfiguration@1214d23c testClass = org.hotel.app.security.AuthentificationControllerTest, locations = [], classes = [org.hotel.app.App], contextInitializerClasses = [], activeProfiles = [], propertySourceDescriptors = [], propertySourceProperties = ["org.springframework.boot.test.autoconfigure.web.servlet.WebMvcTestContextBootstrapper=true"], contextCustomizers = [[ImportsContextCustomizer@41582899 key = [org.springframework.boot.autoconfigure.task.TaskExecutionAutoConfiguration, org.springframework.boot.autoconfigure.cache.CacheAutoConfiguration, org.springframework.boot.autoconfigure.web.servlet.HttpEncodingAutoConfiguration, org.springframework.boot.autoconfigure.validation.ValidationAutoConfiguration, org.springframework.boot.autoconfigure.context.MessageSourceAutoConfiguration, org.springframework.boot.autoconfigure.hateoas.HypermediaAutoConfiguration, org.springframework.boot.autoconfigure.data.web.SpringDataWebAutoConfiguration, org.springframework.boot.autoconfigure.jackson.JacksonAutoConfiguration, org.springframework.boot.test.autoconfigure.web.reactive.WebTestClientAutoConfiguration, org.springframework.boot.autoconfigure.web.servlet.error.ErrorMvcAutoConfiguration, org.springframework.boot.test.autoconfigure.web.servlet.MockMvcAutoConfiguration, org.hotel.app.security.SecurityConfig, org.springframework.boot.autoconfigure.security.servlet.SecurityAutoConfiguration, org.springframework.boot.autoconfigure.security.servlet.SecurityFilterAutoConfiguration, org.springframework.boot.autoconfigure.http.HttpMessageConvertersAutoConfiguration, org.springframework.boot.autoconfigure.security.oauth2.client.servlet.OAuth2ClientAutoConfiguration, org.springframework.boot.test.autoconfigure.web.servlet.MockMvcSecurityConfiguration, org.springframework.boot.test.autoconfigure.web.servlet.MockMvcWebClientAutoConfiguration, org.springframework.boot.test.autoconfigure.web.servlet.MockMvcWebDriverAutoConfiguration, org.springframework.boot.autoconfigure.thymeleaf.ThymeleafAutoConfiguration, org.springframework.boot.autoconfigure.gson.GsonAutoConfiguration, org.springframework.boot.autoconfigure.jsonb.JsonbAutoConfiguration, org.springframework.boot.autoconfigure.freemarker.FreeMarkerAutoConfiguration, org.springframework.boot.autoconfigure.web.servlet.WebMvcAutoConfiguration, org.springframework.boot.autoconfigure.security.servlet.UserDetailsServiceAutoConfiguration, org.springframework.boot.autoconfigure.security.oauth2.resource.servlet.OAuth2ResourceServerAutoConfiguration, org.springframework.boot.autoconfigure.groovy.template.GroovyTemplateAutoConfiguration, org.springframework.boot.autoconfigure.mustache.MustacheAutoConfiguration]], org.springframework.boot.test.context.filter.ExcludeFilterContextCustomizer@f713686, org.springframework.boot.test.json.DuplicateJsonObjectContextCustomizerFactory$DuplicateJsonObjectContextCustomizer@5ca17ab0, org.springframework.boot.test.mock.mockito.MockitoContextCustomizer@f427fbc, org.springframework.boot.test.autoconfigure.OverrideAutoConfigurationContextCustomizerFactory$DisableAutoConfigurationContextCustomizer@72efb5c1, org.springframework.boot.test.autoconfigure.actuate.observability.ObservabilityContextCustomizerFactory$DisableObservabilityContextCustomizer@1f, org.springframework.boot.test.autoconfigure.filter.TypeExcludeFiltersContextCustomizer@d361acf1, org.springframework.boot.test.autoconfigure.properties.PropertyMappingContextCustomizer@3530828b, org.springframework.boot.test.autoconfigure.web.servlet.WebDriverContextCustomizer@32f61a31, org.springframework.boot.test.context.SpringBootTestAnnotation@a7c7d026], resourceBasePath = "src/main/webapp", contextLoader = org.springframework.boot.test.context.SpringBootContextLoader, parent = null]
	at org.springframework.test.context.cache.DefaultCacheAwareContextLoaderDelegate.loadContext(DefaultCacheAwareContextLoaderDelegate.java:180) ~[spring-test-6.1.3.jar:6.1.3]
	at org.springframework.test.context.support.DefaultTestContext.getApplicationContext(DefaultTestContext.java:130) ~[spring-test-6.1.3.jar:6.1.3]
	at org.springframework.boot.test.mock.mockito.MockitoTestExecutionListener.postProcessFields(MockitoTestExecutionListener.java:110) ~[spring-boot-test-3.2.2.jar:3.2.2]
	at org.springframework.boot.test.mock.mockito.MockitoTestExecutionListener.injectFields(MockitoTestExecutionListener.java:94) ~[spring-boot-test-3.2.2.jar:3.2.2]
	at org.springframework.boot.test.mock.mockito.MockitoTestExecutionListener.prepareTestInstance(MockitoTestExecutionListener.java:61) ~[spring-boot-test-3.2.2.jar:3.2.2]
	at org.springframework.test.context.TestContextManager.prepareTestInstance(TestContextManager.java:260) ~[spring-test-6.1.3.jar:6.1.3]
	at org.springframework.test.context.junit.jupiter.SpringExtension.postProcessTestInstance(SpringExtension.java:163) ~[spring-test-6.1.3.jar:6.1.3]
	at org.junit.jupiter.engine.descriptor.ClassBasedTestDescriptor.lambda$invokeTestInstancePostProcessors$10(ClassBasedTestDescriptor.java:378) ~[junit-jupiter-engine-5.10.0.jar:5.10.0]
	at org.junit.jupiter.engine.descriptor.ClassBasedTestDescriptor.executeAndMaskThrowable(ClassBasedTestDescriptor.java:383) ~[junit-jupiter-engine-5.10.0.jar:5.10.0]
	at org.junit.jupiter.engine.descriptor.ClassBasedTestDescriptor.lambda$invokeTestInstancePostProcessors$11(ClassBasedTestDescriptor.java:378) ~[junit-jupiter-engine-5.10.0.jar:5.10.0]
	at java.base/java.util.stream.ReferencePipeline$3$1.accept(ReferencePipeline.java:197) ~[?:?]
	at java.base/java.util.stream.ReferencePipeline$2$1.accept(ReferencePipeline.java:179) ~[?:?]
	at java.base/java.util.ArrayList$ArrayListSpliterator.forEachRemaining(ArrayList.java:1625) ~[?:?]
	at java.base/java.util.stream.AbstractPipeline.copyInto(AbstractPipeline.java:509) ~[?:?]
	at java.base/java.util.stream.AbstractPipeline.wrapAndCopyInto(AbstractPipeline.java:499) ~[?:?]
	at java.base/java.util.stream.StreamSpliterators$WrappingSpliterator.forEachRemaining(StreamSpliterators.java:310) ~[?:?]
	at java.base/java.util.stream.Streams$ConcatSpliterator.forEachRemaining(Streams.java:735) ~[?:?]
	at java.base/java.util.stream.Streams$ConcatSpliterator.forEachRemaining(Streams.java:734) ~[?:?]
	at java.base/java.util.stream.ReferencePipeline$Head.forEach(ReferencePipeline.java:762) ~[?:?]
	at org.junit.jupiter.engine.descriptor.ClassBasedTestDescriptor.invokeTestInstancePostProcessors(ClassBasedTestDescriptor.java:377) ~[junit-jupiter-engine-5.10.0.jar:5.10.0]
	at org.junit.jupiter.engine.descriptor.ClassBasedTestDescriptor.lambda$instantiateAndPostProcessTestInstance$6(ClassBasedTestDescriptor.java:290) ~[junit-jupiter-engine-5.10.0.jar:5.10.0]
	at org.junit.platform.engine.support.hierarchical.ThrowableCollector.execute(ThrowableCollector.java:73) ~[junit-platform-engine-1.10.0.jar:1.10.0]
	at org.junit.jupiter.engine.descriptor.ClassBasedTestDescriptor.instantiateAndPostProcessTestInstance(ClassBasedTestDescriptor.java:289) ~[junit-jupiter-engine-5.10.0.jar:5.10.0]
	at org.junit.jupiter.engine.descriptor.ClassBasedTestDescriptor.lambda$testInstancesProvider$4(ClassBasedTestDescriptor.java:279) ~[junit-jupiter-engine-5.10.0.jar:5.10.0]
	at java.base/java.util.Optional.orElseGet(Optional.java:364) ~[?:?]
	at org.junit.jupiter.engine.descriptor.ClassBasedTestDescriptor.lambda$testInstancesProvider$5(ClassBasedTestDescriptor.java:278) ~[junit-jupiter-engine-5.10.0.jar:5.10.0]
	at org.junit.jupiter.engine.execution.TestInstancesProvider.getTestInstances(TestInstancesProvider.java:31) ~[junit-jupiter-engine-5.10.0.jar:5.10.0]
	at org.junit.jupiter.engine.descriptor.TestMethodTestDescriptor.lambda$prepare$0(TestMethodTestDescriptor.java:106) ~[junit-jupiter-engine-5.10.0.jar:5.10.0]
	at org.junit.platform.engine.support.hierarchical.ThrowableCollector.execute(ThrowableCollector.java:73) ~[junit-platform-engine-1.10.0.jar:1.10.0]
	at org.junit.jupiter.engine.descriptor.TestMethodTestDescriptor.prepare(TestMethodTestDescriptor.java:105) ~[junit-jupiter-engine-5.10.0.jar:5.10.0]
	at org.junit.jupiter.engine.descriptor.TestMethodTestDescriptor.prepare(TestMethodTestDescriptor.java:69) ~[junit-jupiter-engine-5.10.0.jar:5.10.0]
	at org.junit.platform.engine.support.hierarchical.NodeTestTask.lambda$prepare$2(NodeTestTask.java:123) ~[junit-platform-engine-1.10.0.jar:1.10.0]
	at org.junit.platform.engine.support.hierarchical.ThrowableCollector.execute(ThrowableCollector.java:73) ~[junit-platform-engine-1.10.0.jar:1.10.0]
	at org.junit.platform.engine.support.hierarchical.NodeTestTask.prepare(NodeTestTask.java:123) ~[junit-platform-engine-1.10.0.jar:1.10.0]
	at org.junit.platform.engine.support.hierarchical.NodeTestTask.execute(NodeTestTask.java:90) ~[junit-platform-engine-1.10.0.jar:1.10.0]
	at java.base/java.util.ArrayList.forEach(ArrayList.java:1511) ~[?:?]
	at org.junit.platform.engine.support.hierarchical.SameThreadHierarchicalTestExecutorService.invokeAll(SameThreadHierarchicalTestExecutorService.java:41) ~[junit-platform-engine-1.10.0.jar:1.10.0]
	at org.junit.platform.engine.support.hierarchical.NodeTestTask.lambda$executeRecursively$6(NodeTestTask.java:155) ~[junit-platform-engine-1.10.0.jar:1.10.0]
	at org.junit.platform.engine.support.hierarchical.ThrowableCollector.execute(ThrowableCollector.java:73) ~[junit-platform-engine-1.10.0.jar:1.10.0]
	at org.junit.platform.engine.support.hierarchical.NodeTestTask.lambda$executeRecursively$8(NodeTestTask.java:141) ~[junit-platform-engine-1.10.0.jar:1.10.0]
	at org.junit.platform.engine.support.hierarchical.Node.around(Node.java:137) ~[junit-platform-engine-1.10.0.jar:1.10.0]
	at org.junit.platform.engine.support.hierarchical.NodeTestTask.lambda$executeRecursively$9(NodeTestTask.java:139) ~[junit-platform-engine-1.10.0.jar:1.10.0]
	at org.junit.platform.engine.support.hierarchical.ThrowableCollector.execute(ThrowableCollector.java:73) ~[junit-platform-engine-1.10.0.jar:1.10.0]
	at org.junit.platform.engine.support.hierarchical.NodeTestTask.executeRecursively(NodeTestTask.java:138) ~[junit-platform-engine-1.10.0.jar:1.10.0]
	at org.junit.platform.engine.support.hierarchical.NodeTestTask.execute(NodeTestTask.java:95) ~[junit-platform-engine-1.10.0.jar:1.10.0]
	at java.base/java.util.ArrayList.forEach(ArrayList.java:1511) ~[?:?]
	at org.junit.platform.engine.support.hierarchical.SameThreadHierarchicalTestExecutorService.invokeAll(SameThreadHierarchicalTestExecutorService.java:41) ~[junit-platform-engine-1.10.0.jar:1.10.0]
	at org.junit.platform.engine.support.hierarchical.NodeTestTask.lambda$executeRecursively$6(NodeTestTask.java:155) ~[junit-platform-engine-1.10.0.jar:1.10.0]
	at org.junit.platform.engine.support.hierarchical.ThrowableCollector.execute(ThrowableCollector.java:73) ~[junit-platform-engine-1.10.0.jar:1.10.0]
	at org.junit.platform.engine.support.hierarchical.NodeTestTask.lambda$executeRecursively$8(NodeTestTask.java:141) ~[junit-platform-engine-1.10.0.jar:1.10.0]
	at org.junit.platform.engine.support.hierarchical.Node.around(Node.java:137) ~[junit-platform-engine-1.10.0.jar:1.10.0]
	at org.junit.platform.engine.support.hierarchical.NodeTestTask.lambda$executeRecursively$9(NodeTestTask.java:139) ~[junit-platform-engine-1.10.0.jar:1.10.0]
	at org.junit.platform.engine.support.hierarchical.ThrowableCollector.execute(ThrowableCollector.java:73) ~[junit-platform-engine-1.10.0.jar:1.10.0]
	at org.junit.platform.engine.support.hierarchical.NodeTestTask.executeRecursively(NodeTestTask.java:138) ~[junit-platform-engine-1.10.0.jar:1.10.0]
	at org.junit.platform.engine.support.hierarchical.NodeTestTask.execute(NodeTestTask.java:95) ~[junit-platform-engine-1.10.0.jar:1.10.0]
	at org.junit.platform.engine.support.hierarchical.SameThreadHierarchicalTestExecutorService.submit(SameThreadHierarchicalTestExecutorService.java:35) ~[junit-platform-engine-1.10.0.jar:1.10.0]
	at org.junit.platform.engine.support.hierarchical.HierarchicalTestExecutor.execute(HierarchicalTestExecutor.java:57) ~[junit-platform-engine-1.10.0.jar:1.10.0]
	at org.junit.platform.engine.support.hierarchical.HierarchicalTestEngine.execute(HierarchicalTestEngine.java:54) ~[junit-platform-engine-1.10.0.jar:1.10.0]
	at org.junit.platform.launcher.core.EngineExecutionOrchestrator.execute(EngineExecutionOrchestrator.java:198) ~[junit-platform-launcher-1.10.0.jar:1.10.0]
	at org.junit.platform.launcher.core.EngineExecutionOrchestrator.execute(EngineExecutionOrchestrator.java:169) ~[junit-platform-launcher-1.10.0.jar:1.10.0]
	at org.junit.platform.launcher.core.EngineExecutionOrchestrator.execute(EngineExecutionOrchestrator.java:93) ~[junit-platform-launcher-1.10.0.jar:1.10.0]
	at org.junit.platform.launcher.core.EngineExecutionOrchestrator.lambda$execute$0(EngineExecutionOrchestrator.java:58) ~[junit-platform-launcher-1.10.0.jar:1.10.0]
	at org.junit.platform.launcher.core.EngineExecutionOrchestrator.withInterceptedStreams(EngineExecutionOrchestrator.java:141) [junit-platform-launcher-1.10.0.jar:1.10.0]
	at org.junit.platform.launcher.core.EngineExecutionOrchestrator.execute(EngineExecutionOrchestrator.java:57) [junit-platform-launcher-1.10.0.jar:1.10.0]
	at org.junit.platform.launcher.core.DefaultLauncher.execute(DefaultLauncher.java:103) [junit-platform-launcher-1.10.0.jar:1.10.0]
	at org.junit.platform.launcher.core.DefaultLauncher.execute(DefaultLauncher.java:85) [junit-platform-launcher-1.10.0.jar:1.10.0]
	at org.junit.platform.launcher.core.DelegatingLauncher.execute(DelegatingLauncher.java:47) [junit-platform-launcher-1.10.0.jar:1.10.0]
	at org.junit.platform.launcher.core.SessionPerRequestLauncher.execute(SessionPerRequestLauncher.java:63) [junit-platform-launcher-1.10.0.jar:1.10.0]
	at com.intellij.junit5.JUnit5IdeaTestRunner.startRunnerWithArgs(JUnit5IdeaTestRunner.java:66) [junit5-rt.jar:?]
	at com.intellij.rt.junit.IdeaTestRunner$Repeater$1.execute(IdeaTestRunner.java:38) [junit-rt.jar:?]
	at com.intellij.rt.execution.junit.TestsRepeater.repeat(TestsRepeater.java:11) [idea_rt.jar:?]
	at com.intellij.rt.junit.IdeaTestRunner$Repeater.startRunnerWithArgs(IdeaTestRunner.java:35) [junit-rt.jar:?]
	at com.intellij.rt.junit.JUnitStarter.prepareStreamsAndStart(JUnitStarter.java:231) [junit-rt.jar:?]
	at com.intellij.rt.junit.JUnitStarter.main(JUnitStarter.java:55) [junit-rt.jar:?]
Caused by: org.springframework.beans.factory.UnsatisfiedDependencyException: Error creating bean with name 'org.springframework.security.config.annotation.web.configuration.WebSecurityConfiguration': Unsatisfied dependency expressed through field 'httpSecurity': Error creating bean with name 'org.springframework.security.config.annotation.web.configuration.HttpSecurityConfiguration.httpSecurity' defined in class path resource [org/springframework/security/config/annotation/web/configuration/HttpSecurityConfiguration.class]: Failed to instantiate [org.springframework.security.config.annotation.web.builders.HttpSecurity]: Factory method 'httpSecurity' threw exception with message: Error creating bean with name 'org.hotel.app.security.SecurityConfig': Unsatisfied dependency expressed through constructor parameter 1: No qualifying bean of type 'org.springframework.security.authentication.AuthenticationProvider' available: expected at least 1 bean which qualifies as autowire candidate. Dependency annotations: {}
	at org.springframework.beans.factory.annotation.AutowiredAnnotationBeanPostProcessor$AutowiredFieldElement.resolveFieldValue(AutowiredAnnotationBeanPostProcessor.java:787) ~[spring-beans-6.1.3.jar:6.1.3]
	at org.springframework.beans.factory.annotation.AutowiredAnnotationBeanPostProcessor$AutowiredFieldElement.inject(AutowiredAnnotationBeanPostProcessor.java:767) ~[spring-beans-6.1.3.jar:6.1.3]
	at org.springframework.beans.factory.annotation.InjectionMetadata.inject(InjectionMetadata.java:145) ~[spring-beans-6.1.3.jar:6.1.3]
	at org.springframework.beans.factory.annotation.AutowiredAnnotationBeanPostProcessor.postProcessProperties(AutowiredAnnotationBeanPostProcessor.java:508) ~[spring-beans-6.1.3.jar:6.1.3]
	at org.springframework.beans.factory.support.AbstractAutowireCapableBeanFactory.populateBean(AbstractAutowireCapableBeanFactory.java:1418) ~[spring-beans-6.1.3.jar:6.1.3]
	at org.springframework.beans.factory.support.AbstractAutowireCapableBeanFactory.doCreateBean(AbstractAutowireCapableBeanFactory.java:598) ~[spring-beans-6.1.3.jar:6.1.3]
	at org.springframework.beans.factory.support.AbstractAutowireCapableBeanFactory.createBean(AbstractAutowireCapableBeanFactory.java:521) ~[spring-beans-6.1.3.jar:6.1.3]
	at org.springframework.beans.factory.support.AbstractBeanFactory.lambda$doGetBean$0(AbstractBeanFactory.java:325) ~[spring-beans-6.1.3.jar:6.1.3]
	at org.springframework.beans.factory.support.DefaultSingletonBeanRegistry.getSingleton(DefaultSingletonBeanRegistry.java:234) ~[spring-beans-6.1.3.jar:6.1.3]
	at org.springframework.beans.factory.support.AbstractBeanFactory.doGetBean(AbstractBeanFactory.java:323) ~[spring-beans-6.1.3.jar:6.1.3]
	at org.springframework.beans.factory.support.AbstractBeanFactory.getBean(AbstractBeanFactory.java:199) ~[spring-beans-6.1.3.jar:6.1.3]
	at org.springframework.beans.factory.support.DefaultListableBeanFactory.preInstantiateSingletons(DefaultListableBeanFactory.java:975) ~[spring-beans-6.1.3.jar:6.1.3]
	at org.springframework.context.support.AbstractApplicationContext.finishBeanFactoryInitialization(AbstractApplicationContext.java:959) ~[spring-context-6.1.3.jar:6.1.3]
	at org.springframework.context.support.AbstractApplicationContext.refresh(AbstractApplicationContext.java:624) ~[spring-context-6.1.3.jar:6.1.3]
	at org.springframework.boot.SpringApplication.refresh(SpringApplication.java:754) ~[spring-boot-3.2.2.jar:3.2.2]
	at org.springframework.boot.SpringApplication.refreshContext(SpringApplication.java:456) ~[spring-boot-3.2.2.jar:3.2.2]
	at org.springframework.boot.SpringApplication.run(SpringApplication.java:334) ~[spring-boot-3.2.2.jar:3.2.2]
	at org.springframework.boot.test.context.SpringBootContextLoader.lambda$loadContext$3(SpringBootContextLoader.java:137) ~[spring-boot-test-3.2.2.jar:3.2.2]
	at org.springframework.util.function.ThrowingSupplier.get(ThrowingSupplier.java:58) ~[spring-core-6.1.3.jar:6.1.3]
	at org.springframework.util.function.ThrowingSupplier.get(ThrowingSupplier.java:46) ~[spring-core-6.1.3.jar:6.1.3]
	at org.springframework.boot.SpringApplication.withHook(SpringApplication.java:1454) ~[spring-boot-3.2.2.jar:3.2.2]
	at org.springframework.boot.test.context.SpringBootContextLoader$ContextLoaderHook.run(SpringBootContextLoader.java:552) ~[spring-boot-test-3.2.2.jar:3.2.2]
	at org.springframework.boot.test.context.SpringBootContextLoader.loadContext(SpringBootContextLoader.java:137) ~[spring-boot-test-3.2.2.jar:3.2.2]
	at org.springframework.boot.test.context.SpringBootContextLoader.loadContext(SpringBootContextLoader.java:108) ~[spring-boot-test-3.2.2.jar:3.2.2]
	at org.springframework.test.context.cache.DefaultCacheAwareContextLoaderDelegate.loadContextInternal(DefaultCacheAwareContextLoaderDelegate.java:225) ~[spring-test-6.1.3.jar:6.1.3]
	at org.springframework.test.context.cache.DefaultCacheAwareContextLoaderDelegate.loadContext(DefaultCacheAwareContextLoaderDelegate.java:152) ~[spring-test-6.1.3.jar:6.1.3]
	... 73 more
Caused by: org.springframework.beans.factory.BeanCreationException: Error creating bean with name 'org.springframework.security.config.annotation.web.configuration.HttpSecurityConfiguration.httpSecurity' defined in class path resource [org/springframework/security/config/annotation/web/configuration/HttpSecurityConfiguration.class]: Failed to instantiate [org.springframework.security.config.annotation.web.builders.HttpSecurity]: Factory method 'httpSecurity' threw exception with message: Error creating bean with name 'org.hotel.app.security.SecurityConfig': Unsatisfied dependency expressed through constructor parameter 1: No qualifying bean of type 'org.springframework.security.authentication.AuthenticationProvider' available: expected at least 1 bean which qualifies as autowire candidate. Dependency annotations: {}
	at org.springframework.beans.factory.support.ConstructorResolver.instantiate(ConstructorResolver.java:651) ~[spring-beans-6.1.3.jar:6.1.3]
	at org.springframework.beans.factory.support.ConstructorResolver.instantiateUsingFactoryMethod(ConstructorResolver.java:485) ~[spring-beans-6.1.3.jar:6.1.3]
	at org.springframework.beans.factory.support.AbstractAutowireCapableBeanFactory.instantiateUsingFactoryMethod(AbstractAutowireCapableBeanFactory.java:1334) ~[spring-beans-6.1.3.jar:6.1.3]
	at org.springframework.beans.factory.support.AbstractAutowireCapableBeanFactory.createBeanInstance(AbstractAutowireCapableBeanFactory.java:1164) ~[spring-beans-6.1.3.jar:6.1.3]
	at org.springframework.beans.factory.support.AbstractAutowireCapableBeanFactory.doCreateBean(AbstractAutowireCapableBeanFactory.java:561) ~[spring-beans-6.1.3.jar:6.1.3]
	at org.springframework.beans.factory.support.AbstractAutowireCapableBeanFactory.createBean(AbstractAutowireCapableBeanFactory.java:521) ~[spring-beans-6.1.3.jar:6.1.3]
	at org.springframework.beans.factory.support.AbstractBeanFactory.doGetBean(AbstractBeanFactory.java:343) ~[spring-beans-6.1.3.jar:6.1.3]
	at org.springframework.beans.factory.support.AbstractBeanFactory.getBean(AbstractBeanFactory.java:199) ~[spring-beans-6.1.3.jar:6.1.3]
	at org.springframework.beans.factory.config.DependencyDescriptor.resolveCandidate(DependencyDescriptor.java:254) ~[spring-beans-6.1.3.jar:6.1.3]
	at org.springframework.beans.factory.support.DefaultListableBeanFactory.doResolveDependency(DefaultListableBeanFactory.java:1443) ~[spring-beans-6.1.3.jar:6.1.3]
	at org.springframework.beans.factory.support.DefaultListableBeanFactory.resolveDependency(DefaultListableBeanFactory.java:1353) ~[spring-beans-6.1.3.jar:6.1.3]
	at org.springframework.beans.factory.annotation.AutowiredAnnotationBeanPostProcessor$AutowiredFieldElement.resolveFieldValue(AutowiredAnnotationBeanPostProcessor.java:784) ~[spring-beans-6.1.3.jar:6.1.3]
	at org.springframework.beans.factory.annotation.AutowiredAnnotationBeanPostProcessor$AutowiredFieldElement.inject(AutowiredAnnotationBeanPostProcessor.java:767) ~[spring-beans-6.1.3.jar:6.1.3]
	at org.springframework.beans.factory.annotation.InjectionMetadata.inject(InjectionMetadata.java:145) ~[spring-beans-6.1.3.jar:6.1.3]
	at org.springframework.beans.factory.annotation.AutowiredAnnotationBeanPostProcessor.postProcessProperties(AutowiredAnnotationBeanPostProcessor.java:508) ~[spring-beans-6.1.3.jar:6.1.3]
	at org.springframework.beans.factory.support.AbstractAutowireCapableBeanFactory.populateBean(AbstractAutowireCapableBeanFactory.java:1418) ~[spring-beans-6.1.3.jar:6.1.3]
	at org.springframework.beans.factory.support.AbstractAutowireCapableBeanFactory.doCreateBean(AbstractAutowireCapableBeanFactory.java:598) ~[spring-beans-6.1.3.jar:6.1.3]
	at org.springframework.beans.factory.support.AbstractAutowireCapableBeanFactory.createBean(AbstractAutowireCapableBeanFactory.java:521) ~[spring-beans-6.1.3.jar:6.1.3]
	at org.springframework.beans.factory.support.AbstractBeanFactory.lambda$doGetBean$0(AbstractBeanFactory.java:325) ~[spring-beans-6.1.3.jar:6.1.3]
	at org.springframework.beans.factory.support.DefaultSingletonBeanRegistry.getSingleton(DefaultSingletonBeanRegistry.java:234) ~[spring-beans-6.1.3.jar:6.1.3]
	at org.springframework.beans.factory.support.AbstractBeanFactory.doGetBean(AbstractBeanFactory.java:323) ~[spring-beans-6.1.3.jar:6.1.3]
	at org.springframework.beans.factory.support.AbstractBeanFactory.getBean(AbstractBeanFactory.java:199) ~[spring-beans-6.1.3.jar:6.1.3]
	at org.springframework.beans.factory.support.DefaultListableBeanFactory.preInstantiateSingletons(DefaultListableBeanFactory.java:975) ~[spring-beans-6.1.3.jar:6.1.3]
	at org.springframework.context.support.AbstractApplicationContext.finishBeanFactoryInitialization(AbstractApplicationContext.java:959) ~[spring-context-6.1.3.jar:6.1.3]
	at org.springframework.context.support.AbstractApplicationContext.refresh(AbstractApplicationContext.java:624) ~[spring-context-6.1.3.jar:6.1.3]
	at org.springframework.boot.SpringApplication.refresh(SpringApplication.java:754) ~[spring-boot-3.2.2.jar:3.2.2]
	at org.springframework.boot.SpringApplication.refreshContext(SpringApplication.java:456) ~[spring-boot-3.2.2.jar:3.2.2]
	at org.springframework.boot.SpringApplication.run(SpringApplication.java:334) ~[spring-boot-3.2.2.jar:3.2.2]
	at org.springframework.boot.test.context.SpringBootContextLoader.lambda$loadContext$3(SpringBootContextLoader.java:137) ~[spring-boot-test-3.2.2.jar:3.2.2]
	at org.springframework.util.function.ThrowingSupplier.get(ThrowingSupplier.java:58) ~[spring-core-6.1.3.jar:6.1.3]
	at org.springframework.util.function.ThrowingSupplier.get(ThrowingSupplier.java:46) ~[spring-core-6.1.3.jar:6.1.3]
	at org.springframework.boot.SpringApplication.withHook(SpringApplication.java:1454) ~[spring-boot-3.2.2.jar:3.2.2]
	at org.springframework.boot.test.context.SpringBootContextLoader$ContextLoaderHook.run(SpringBootContextLoader.java:552) ~[spring-boot-test-3.2.2.jar:3.2.2]
	at org.springframework.boot.test.context.SpringBootContextLoader.loadContext(SpringBootContextLoader.java:137) ~[spring-boot-test-3.2.2.jar:3.2.2]
	at org.springframework.boot.test.context.SpringBootContextLoader.loadContext(SpringBootContextLoader.java:108) ~[spring-boot-test-3.2.2.jar:3.2.2]
	at org.springframework.test.context.cache.DefaultCacheAwareContextLoaderDelegate.loadContextInternal(DefaultCacheAwareContextLoaderDelegate.java:225) ~[spring-test-6.1.3.jar:6.1.3]
	at org.springframework.test.context.cache.DefaultCacheAwareContextLoaderDelegate.loadContext(DefaultCacheAwareContextLoaderDelegate.java:152) ~[spring-test-6.1.3.jar:6.1.3]
	... 73 more
Caused by: org.springframework.beans.BeanInstantiationException: Failed to instantiate [org.springframework.security.config.annotation.web.builders.HttpSecurity]: Factory method 'httpSecurity' threw exception with message: Error creating bean with name 'org.hotel.app.security.SecurityConfig': Unsatisfied dependency expressed through constructor parameter 1: No qualifying bean of type 'org.springframework.security.authentication.AuthenticationProvider' available: expected at least 1 bean which qualifies as autowire candidate. Dependency annotations: {}
	at org.springframework.beans.factory.support.SimpleInstantiationStrategy.instantiate(SimpleInstantiationStrategy.java:177) ~[spring-beans-6.1.3.jar:6.1.3]
	at org.springframework.beans.factory.support.ConstructorResolver.instantiate(ConstructorResolver.java:647) ~[spring-beans-6.1.3.jar:6.1.3]
	at org.springframework.beans.factory.support.ConstructorResolver.instantiateUsingFactoryMethod(ConstructorResolver.java:485) ~[spring-beans-6.1.3.jar:6.1.3]
	at org.springframework.beans.factory.support.AbstractAutowireCapableBeanFactory.instantiateUsingFactoryMethod(AbstractAutowireCapableBeanFactory.java:1334) ~[spring-beans-6.1.3.jar:6.1.3]
	at org.springframework.beans.factory.support.AbstractAutowireCapableBeanFactory.createBeanInstance(AbstractAutowireCapableBeanFactory.java:1164) ~[spring-beans-6.1.3.jar:6.1.3]
	at org.springframework.beans.factory.support.AbstractAutowireCapableBeanFactory.doCreateBean(AbstractAutowireCapableBeanFactory.java:561) ~[spring-beans-6.1.3.jar:6.1.3]
	at org.springframework.beans.factory.support.AbstractAutowireCapableBeanFactory.createBean(AbstractAutowireCapableBeanFactory.java:521) ~[spring-beans-6.1.3.jar:6.1.3]
	at org.springframework.beans.factory.support.AbstractBeanFactory.doGetBean(AbstractBeanFactory.java:343) ~[spring-beans-6.1.3.jar:6.1.3]
	at org.springframework.beans.factory.support.AbstractBeanFactory.getBean(AbstractBeanFactory.java:199) ~[spring-beans-6.1.3.jar:6.1.3]
	at org.springframework.beans.factory.config.DependencyDescriptor.resolveCandidate(DependencyDescriptor.java:254) ~[spring-beans-6.1.3.jar:6.1.3]
	at org.springframework.beans.factory.support.DefaultListableBeanFactory.doResolveDependency(DefaultListableBeanFactory.java:1443) ~[spring-beans-6.1.3.jar:6.1.3]
	at org.springframework.beans.factory.support.DefaultListableBeanFactory.resolveDependency(DefaultListableBeanFactory.java:1353) ~[spring-beans-6.1.3.jar:6.1.3]
	at org.springframework.beans.factory.annotation.AutowiredAnnotationBeanPostProcessor$AutowiredFieldElement.resolveFieldValue(AutowiredAnnotationBeanPostProcessor.java:784) ~[spring-beans-6.1.3.jar:6.1.3]
	at org.springframework.beans.factory.annotation.AutowiredAnnotationBeanPostProcessor$AutowiredFieldElement.inject(AutowiredAnnotationBeanPostProcessor.java:767) ~[spring-beans-6.1.3.jar:6.1.3]
	at org.springframework.beans.factory.annotation.InjectionMetadata.inject(InjectionMetadata.java:145) ~[spring-beans-6.1.3.jar:6.1.3]
	at org.springframework.beans.factory.annotation.AutowiredAnnotationBeanPostProcessor.postProcessProperties(AutowiredAnnotationBeanPostProcessor.java:508) ~[spring-beans-6.1.3.jar:6.1.3]
	at org.springframework.beans.factory.support.AbstractAutowireCapableBeanFactory.populateBean(AbstractAutowireCapableBeanFactory.java:1418) ~[spring-beans-6.1.3.jar:6.1.3]
	at org.springframework.beans.factory.support.AbstractAutowireCapableBeanFactory.doCreateBean(AbstractAutowireCapableBeanFactory.java:598) ~[spring-beans-6.1.3.jar:6.1.3]
	at org.springframework.beans.factory.support.AbstractAutowireCapableBeanFactory.createBean(AbstractAutowireCapableBeanFactory.java:521) ~[spring-beans-6.1.3.jar:6.1.3]
	at org.springframework.beans.factory.support.AbstractBeanFactory.lambda$doGetBean$0(AbstractBeanFactory.java:325) ~[spring-beans-6.1.3.jar:6.1.3]
	at org.springframework.beans.factory.support.DefaultSingletonBeanRegistry.getSingleton(DefaultSingletonBeanRegistry.java:234) ~[spring-beans-6.1.3.jar:6.1.3]
	at org.springframework.beans.factory.support.AbstractBeanFactory.doGetBean(AbstractBeanFactory.java:323) ~[spring-beans-6.1.3.jar:6.1.3]
	at org.springframework.beans.factory.support.AbstractBeanFactory.getBean(AbstractBeanFactory.java:199) ~[spring-beans-6.1.3.jar:6.1.3]
	at org.springframework.beans.factory.support.DefaultListableBeanFactory.preInstantiateSingletons(DefaultListableBeanFactory.java:975) ~[spring-beans-6.1.3.jar:6.1.3]
	at org.springframework.context.support.AbstractApplicationContext.finishBeanFactoryInitialization(AbstractApplicationContext.java:959) ~[spring-context-6.1.3.jar:6.1.3]
	at org.springframework.context.support.AbstractApplicationContext.refresh(AbstractApplicationContext.java:624) ~[spring-context-6.1.3.jar:6.1.3]
	at org.springframework.boot.SpringApplication.refresh(SpringApplication.java:754) ~[spring-boot-3.2.2.jar:3.2.2]
	at org.springframework.boot.SpringApplication.refreshContext(SpringApplication.java:456) ~[spring-boot-3.2.2.jar:3.2.2]
	at org.springframework.boot.SpringApplication.run(SpringApplication.java:334) ~[spring-boot-3.2.2.jar:3.2.2]
	at org.springframework.boot.test.context.SpringBootContextLoader.lambda$loadContext$3(SpringBootContextLoader.java:137) ~[spring-boot-test-3.2.2.jar:3.2.2]
	at org.springframework.util.function.ThrowingSupplier.get(ThrowingSupplier.java:58) ~[spring-core-6.1.3.jar:6.1.3]
	at org.springframework.util.function.ThrowingSupplier.get(ThrowingSupplier.java:46) ~[spring-core-6.1.3.jar:6.1.3]
	at org.springframework.boot.SpringApplication.withHook(SpringApplication.java:1454) ~[spring-boot-3.2.2.jar:3.2.2]
	at org.springframework.boot.test.context.SpringBootContextLoader$ContextLoaderHook.run(SpringBootContextLoader.java:552) ~[spring-boot-test-3.2.2.jar:3.2.2]
	at org.springframework.boot.test.context.SpringBootContextLoader.loadContext(SpringBootContextLoader.java:137) ~[spring-boot-test-3.2.2.jar:3.2.2]
	at org.springframework.boot.test.context.SpringBootContextLoader.loadContext(SpringBootContextLoader.java:108) ~[spring-boot-test-3.2.2.jar:3.2.2]
	at org.springframework.test.context.cache.DefaultCacheAwareContextLoaderDelegate.loadContextInternal(DefaultCacheAwareContextLoaderDelegate.java:225) ~[spring-test-6.1.3.jar:6.1.3]
	at org.springframework.test.context.cache.DefaultCacheAwareContextLoaderDelegate.loadContext(DefaultCacheAwareContextLoaderDelegate.java:152) ~[spring-test-6.1.3.jar:6.1.3]
	... 73 more
Caused by: org.springframework.beans.factory.UnsatisfiedDependencyException: Error creating bean with name 'org.hotel.app.security.SecurityConfig': Unsatisfied dependency expressed through constructor parameter 1: No qualifying bean of type 'org.springframework.security.authentication.AuthenticationProvider' available: expected at least 1 bean which qualifies as autowire candidate. Dependency annotations: {}
	at org.springframework.beans.factory.support.ConstructorResolver.createArgumentArray(ConstructorResolver.java:798) ~[spring-beans-6.1.3.jar:6.1.3]
	at org.springframework.beans.factory.support.ConstructorResolver.autowireConstructor(ConstructorResolver.java:237) ~[spring-beans-6.1.3.jar:6.1.3]
	at org.springframework.beans.factory.support.AbstractAutowireCapableBeanFactory.autowireConstructor(AbstractAutowireCapableBeanFactory.java:1354) ~[spring-beans-6.1.3.jar:6.1.3]
	at org.springframework.beans.factory.support.AbstractAutowireCapableBeanFactory.createBeanInstance(AbstractAutowireCapableBeanFactory.java:1191) ~[spring-beans-6.1.3.jar:6.1.3]
	at org.springframework.beans.factory.support.AbstractAutowireCapableBeanFactory.doCreateBean(AbstractAutowireCapableBeanFactory.java:561) ~[spring-beans-6.1.3.jar:6.1.3]
	at org.springframework.beans.factory.support.AbstractAutowireCapableBeanFactory.createBean(AbstractAutowireCapableBeanFactory.java:521) ~[spring-beans-6.1.3.jar:6.1.3]
	at org.springframework.beans.factory.support.AbstractBeanFactory.lambda$doGetBean$0(AbstractBeanFactory.java:325) ~[spring-beans-6.1.3.jar:6.1.3]
	at org.springframework.beans.factory.support.DefaultSingletonBeanRegistry.getSingleton(DefaultSingletonBeanRegistry.java:234) ~[spring-beans-6.1.3.jar:6.1.3]
	at org.springframework.beans.factory.support.AbstractBeanFactory.doGetBean(AbstractBeanFactory.java:323) ~[spring-beans-6.1.3.jar:6.1.3]
	at org.springframework.beans.factory.support.AbstractBeanFactory.getBean(AbstractBeanFactory.java:199) ~[spring-beans-6.1.3.jar:6.1.3]
	at org.springframework.beans.factory.support.DefaultListableBeanFactory.getBeansWithAnnotation(DefaultListableBeanFactory.java:713) ~[spring-beans-6.1.3.jar:6.1.3]
	at org.springframework.context.support.AbstractApplicationContext.getBeansWithAnnotation(AbstractApplicationContext.java:1399) ~[spring-context-6.1.3.jar:6.1.3]
	at org.springframework.security.config.annotation.authentication.configuration.AuthenticationConfiguration$EnableGlobalAuthenticationAutowiredConfigurer.init(AuthenticationConfiguration.java:222) ~[spring-security-config-6.2.1.jar:6.2.1]
	at org.springframework.security.config.annotation.authentication.configuration.AuthenticationConfiguration$EnableGlobalAuthenticationAutowiredConfigurer.init(AuthenticationConfiguration.java:209) ~[spring-security-config-6.2.1.jar:6.2.1]
	at org.springframework.security.config.annotation.AbstractConfiguredSecurityBuilder.init(AbstractConfiguredSecurityBuilder.java:365) ~[spring-security-config-6.2.1.jar:6.2.1]
	at org.springframework.security.config.annotation.AbstractConfiguredSecurityBuilder.doBuild(AbstractConfiguredSecurityBuilder.java:327) ~[spring-security-config-6.2.1.jar:6.2.1]
	at org.springframework.security.config.annotation.AbstractSecurityBuilder.build(AbstractSecurityBuilder.java:38) ~[spring-security-config-6.2.1.jar:6.2.1]
	at org.springframework.security.config.annotation.authentication.configuration.AuthenticationConfiguration.getAuthenticationManager(AuthenticationConfiguration.java:121) ~[spring-security-config-6.2.1.jar:6.2.1]
	at org.springframework.security.config.annotation.web.configuration.HttpSecurityConfiguration.authenticationManager(HttpSecurityConfiguration.java:141) ~[spring-security-config-6.2.1.jar:6.2.1]
	at org.springframework.security.config.annotation.web.configuration.HttpSecurityConfiguration.httpSecurity(HttpSecurityConfiguration.java:109) ~[spring-security-config-6.2.1.jar:6.2.1]
	at java.base/jdk.internal.reflect.NativeMethodAccessorImpl.invoke0(Native Method) ~[?:?]
	at java.base/jdk.internal.reflect.NativeMethodAccessorImpl.invoke(NativeMethodAccessorImpl.java:77) ~[?:?]
	at java.base/jdk.internal.reflect.DelegatingMethodAccessorImpl.invoke(DelegatingMethodAccessorImpl.java:43) ~[?:?]
	at java.base/java.lang.reflect.Method.invoke(Method.java:568) ~[?:?]
	at org.springframework.beans.factory.support.SimpleInstantiationStrategy.instantiate(SimpleInstantiationStrategy.java:140) ~[spring-beans-6.1.3.jar:6.1.3]
	at org.springframework.beans.factory.support.ConstructorResolver.instantiate(ConstructorResolver.java:647) ~[spring-beans-6.1.3.jar:6.1.3]
	at org.springframework.beans.factory.support.ConstructorResolver.instantiateUsingFactoryMethod(ConstructorResolver.java:485) ~[spring-beans-6.1.3.jar:6.1.3]
	at org.springframework.beans.factory.support.AbstractAutowireCapableBeanFactory.instantiateUsingFactoryMethod(AbstractAutowireCapableBeanFactory.java:1334) ~[spring-beans-6.1.3.jar:6.1.3]
	at org.springframework.beans.factory.support.AbstractAutowireCapableBeanFactory.createBeanInstance(AbstractAutowireCapableBeanFactory.java:1164) ~[spring-beans-6.1.3.jar:6.1.3]
	at org.springframework.beans.factory.support.AbstractAutowireCapableBeanFactory.doCreateBean(AbstractAutowireCapableBeanFactory.java:561) ~[spring-beans-6.1.3.jar:6.1.3]
	at org.springframework.beans.factory.support.AbstractAutowireCapableBeanFactory.createBean(AbstractAutowireCapableBeanFactory.java:521) ~[spring-beans-6.1.3.jar:6.1.3]
	at org.springframework.beans.factory.support.AbstractBeanFactory.doGetBean(AbstractBeanFactory.java:343) ~[spring-beans-6.1.3.jar:6.1.3]
	at org.springframework.beans.factory.support.AbstractBeanFactory.getBean(AbstractBeanFactory.java:199) ~[spring-beans-6.1.3.jar:6.1.3]
	at org.springframework.beans.factory.config.DependencyDescriptor.resolveCandidate(DependencyDescriptor.java:254) ~[spring-beans-6.1.3.jar:6.1.3]
	at org.springframework.beans.factory.support.DefaultListableBeanFactory.doResolveDependency(DefaultListableBeanFactory.java:1443) ~[spring-beans-6.1.3.jar:6.1.3]
	at org.springframework.beans.factory.support.DefaultListableBeanFactory.resolveDependency(DefaultListableBeanFactory.java:1353) ~[spring-beans-6.1.3.jar:6.1.3]
	at org.springframework.beans.factory.annotation.AutowiredAnnotationBeanPostProcessor$AutowiredFieldElement.resolveFieldValue(AutowiredAnnotationBeanPostProcessor.java:784) ~[spring-beans-6.1.3.jar:6.1.3]
	at org.springframework.beans.factory.annotation.AutowiredAnnotationBeanPostProcessor$AutowiredFieldElement.inject(AutowiredAnnotationBeanPostProcessor.java:767) ~[spring-beans-6.1.3.jar:6.1.3]
	at org.springframework.beans.factory.annotation.InjectionMetadata.inject(InjectionMetadata.java:145) ~[spring-beans-6.1.3.jar:6.1.3]
	at org.springframework.beans.factory.annotation.AutowiredAnnotationBeanPostProcessor.postProcessProperties(AutowiredAnnotationBeanPostProcessor.java:508) ~[spring-beans-6.1.3.jar:6.1.3]
	at org.springframework.beans.factory.support.AbstractAutowireCapableBeanFactory.populateBean(AbstractAutowireCapableBeanFactory.java:1418) ~[spring-beans-6.1.3.jar:6.1.3]
	at org.springframework.beans.factory.support.AbstractAutowireCapableBeanFactory.doCreateBean(AbstractAutowireCapableBeanFactory.java:598) ~[spring-beans-6.1.3.jar:6.1.3]
	at org.springframework.beans.factory.support.AbstractAutowireCapableBeanFactory.createBean(AbstractAutowireCapableBeanFactory.java:521) ~[spring-beans-6.1.3.jar:6.1.3]
	at org.springframework.beans.factory.support.AbstractBeanFactory.lambda$doGetBean$0(AbstractBeanFactory.java:325) ~[spring-beans-6.1.3.jar:6.1.3]
	at org.springframework.beans.factory.support.DefaultSingletonBeanRegistry.getSingleton(DefaultSingletonBeanRegistry.java:234) ~[spring-beans-6.1.3.jar:6.1.3]
	at org.springframework.beans.factory.support.AbstractBeanFactory.doGetBean(AbstractBeanFactory.java:323) ~[spring-beans-6.1.3.jar:6.1.3]
	at org.springframework.beans.factory.support.AbstractBeanFactory.getBean(AbstractBeanFactory.java:199) ~[spring-beans-6.1.3.jar:6.1.3]
	at org.springframework.beans.factory.support.DefaultListableBeanFactory.preInstantiateSingletons(DefaultListableBeanFactory.java:975) ~[spring-beans-6.1.3.jar:6.1.3]
	at org.springframework.context.support.AbstractApplicationContext.finishBeanFactoryInitialization(AbstractApplicationContext.java:959) ~[spring-context-6.1.3.jar:6.1.3]
	at org.springframework.context.support.AbstractApplicationContext.refresh(AbstractApplicationContext.java:624) ~[spring-context-6.1.3.jar:6.1.3]
	at org.springframework.boot.SpringApplication.refresh(SpringApplication.java:754) ~[spring-boot-3.2.2.jar:3.2.2]
	at org.springframework.boot.SpringApplication.refreshContext(SpringApplication.java:456) ~[spring-boot-3.2.2.jar:3.2.2]
	at org.springframework.boot.SpringApplication.run(SpringApplication.java:334) ~[spring-boot-3.2.2.jar:3.2.2]
	at org.springframework.boot.test.context.SpringBootContextLoader.lambda$loadContext$3(SpringBootContextLoader.java:137) ~[spring-boot-test-3.2.2.jar:3.2.2]
	at org.springframework.util.function.ThrowingSupplier.get(ThrowingSupplier.java:58) ~[spring-core-6.1.3.jar:6.1.3]
	at org.springframework.util.function.ThrowingSupplier.get(ThrowingSupplier.java:46) ~[spring-core-6.1.3.jar:6.1.3]
	at org.springframework.boot.SpringApplication.withHook(SpringApplication.java:1454) ~[spring-boot-3.2.2.jar:3.2.2]
	at org.springframework.boot.test.context.SpringBootContextLoader$ContextLoaderHook.run(SpringBootContextLoader.java:552) ~[spring-boot-test-3.2.2.jar:3.2.2]
	at org.springframework.boot.test.context.SpringBootContextLoader.loadContext(SpringBootContextLoader.java:137) ~[spring-boot-test-3.2.2.jar:3.2.2]
	at org.springframework.boot.test.context.SpringBootContextLoader.loadContext(SpringBootContextLoader.java:108) ~[spring-boot-test-3.2.2.jar:3.2.2]
	at org.springframework.test.context.cache.DefaultCacheAwareContextLoaderDelegate.loadContextInternal(DefaultCacheAwareContextLoaderDelegate.java:225) ~[spring-test-6.1.3.jar:6.1.3]
	at org.springframework.test.context.cache.DefaultCacheAwareContextLoaderDelegate.loadContext(DefaultCacheAwareContextLoaderDelegate.java:152) ~[spring-test-6.1.3.jar:6.1.3]
	... 73 more
Caused by: org.springframework.beans.factory.NoSuchBeanDefinitionException: No qualifying bean of type 'org.springframework.security.authentication.AuthenticationProvider' available: expected at least 1 bean which qualifies as autowire candidate. Dependency annotations: {}
	at org.springframework.beans.factory.support.DefaultListableBeanFactory.raiseNoMatchingBeanFound(DefaultListableBeanFactory.java:1880) ~[spring-beans-6.1.3.jar:6.1.3]
	at org.springframework.beans.factory.support.DefaultListableBeanFactory.doResolveDependency(DefaultListableBeanFactory.java:1406) ~[spring-beans-6.1.3.jar:6.1.3]
	at org.springframework.beans.factory.support.DefaultListableBeanFactory.resolveDependency(DefaultListableBeanFactory.java:1353) ~[spring-beans-6.1.3.jar:6.1.3]
	at org.springframework.beans.factory.support.ConstructorResolver.resolveAutowiredArgument(ConstructorResolver.java:907) ~[spring-beans-6.1.3.jar:6.1.3]
	at org.springframework.beans.factory.support.ConstructorResolver.createArgumentArray(ConstructorResolver.java:785) ~[spring-beans-6.1.3.jar:6.1.3]
	at org.springframework.beans.factory.support.ConstructorResolver.autowireConstructor(ConstructorResolver.java:237) ~[spring-beans-6.1.3.jar:6.1.3]
	at org.springframework.beans.factory.support.AbstractAutowireCapableBeanFactory.autowireConstructor(AbstractAutowireCapableBeanFactory.java:1354) ~[spring-beans-6.1.3.jar:6.1.3]
	at org.springframework.beans.factory.support.AbstractAutowireCapableBeanFactory.createBeanInstance(AbstractAutowireCapableBeanFactory.java:1191) ~[spring-beans-6.1.3.jar:6.1.3]
	at org.springframework.beans.factory.support.AbstractAutowireCapableBeanFactory.doCreateBean(AbstractAutowireCapableBeanFactory.java:561) ~[spring-beans-6.1.3.jar:6.1.3]
	at org.springframework.beans.factory.support.AbstractAutowireCapableBeanFactory.createBean(AbstractAutowireCapableBeanFactory.java:521) ~[spring-beans-6.1.3.jar:6.1.3]
	at org.springframework.beans.factory.support.AbstractBeanFactory.lambda$doGetBean$0(AbstractBeanFactory.java:325) ~[spring-beans-6.1.3.jar:6.1.3]
	at org.springframework.beans.factory.support.DefaultSingletonBeanRegistry.getSingleton(DefaultSingletonBeanRegistry.java:234) ~[spring-beans-6.1.3.jar:6.1.3]
	at org.springframework.beans.factory.support.AbstractBeanFactory.doGetBean(AbstractBeanFactory.java:323) ~[spring-beans-6.1.3.jar:6.1.3]
	at org.springframework.beans.factory.support.AbstractBeanFactory.getBean(AbstractBeanFactory.java:199) ~[spring-beans-6.1.3.jar:6.1.3]
	at org.springframework.beans.factory.support.DefaultListableBeanFactory.getBeansWithAnnotation(DefaultListableBeanFactory.java:713) ~[spring-beans-6.1.3.jar:6.1.3]
	at org.springframework.context.support.AbstractApplicationContext.getBeansWithAnnotation(AbstractApplicationContext.java:1399) ~[spring-context-6.1.3.jar:6.1.3]
	at org.springframework.security.config.annotation.authentication.configuration.AuthenticationConfiguration$EnableGlobalAuthenticationAutowiredConfigurer.init(AuthenticationConfiguration.java:222) ~[spring-security-config-6.2.1.jar:6.2.1]
	at org.springframework.security.config.annotation.authentication.configuration.AuthenticationConfiguration$EnableGlobalAuthenticationAutowiredConfigurer.init(AuthenticationConfiguration.java:209) ~[spring-security-config-6.2.1.jar:6.2.1]
	at org.springframework.security.config.annotation.AbstractConfiguredSecurityBuilder.init(AbstractConfiguredSecurityBuilder.java:365) ~[spring-security-config-6.2.1.jar:6.2.1]
	at org.springframework.security.config.annotation.AbstractConfiguredSecurityBuilder.doBuild(AbstractConfiguredSecurityBuilder.java:327) ~[spring-security-config-6.2.1.jar:6.2.1]
	at org.springframework.security.config.annotation.AbstractSecurityBuilder.build(AbstractSecurityBuilder.java:38) ~[spring-security-config-6.2.1.jar:6.2.1]
	at org.springframework.security.config.annotation.authentication.configuration.AuthenticationConfiguration.getAuthenticationManager(AuthenticationConfiguration.java:121) ~[spring-security-config-6.2.1.jar:6.2.1]
	at org.springframework.security.config.annotation.web.configuration.HttpSecurityConfiguration.authenticationManager(HttpSecurityConfiguration.java:141) ~[spring-security-config-6.2.1.jar:6.2.1]
	at org.springframework.security.config.annotation.web.configuration.HttpSecurityConfiguration.httpSecurity(HttpSecurityConfiguration.java:109) ~[spring-security-config-6.2.1.jar:6.2.1]
	at java.base/jdk.internal.reflect.NativeMethodAccessorImpl.invoke0(Native Method) ~[?:?]
	at java.base/jdk.internal.reflect.NativeMethodAccessorImpl.invoke(NativeMethodAccessorImpl.java:77) ~[?:?]
	at java.base/jdk.internal.reflect.DelegatingMethodAccessorImpl.invoke(DelegatingMethodAccessorImpl.java:43) ~[?:?]
	at java.base/java.lang.reflect.Method.invoke(Method.java:568) ~[?:?]
	at org.springframework.beans.factory.support.SimpleInstantiationStrategy.instantiate(SimpleInstantiationStrategy.java:140) ~[spring-beans-6.1.3.jar:6.1.3]
	at org.springframework.beans.factory.support.ConstructorResolver.instantiate(ConstructorResolver.java:647) ~[spring-beans-6.1.3.jar:6.1.3]
	at org.springframework.beans.factory.support.ConstructorResolver.instantiateUsingFactoryMethod(ConstructorResolver.java:485) ~[spring-beans-6.1.3.jar:6.1.3]
	at org.springframework.beans.factory.support.AbstractAutowireCapableBeanFactory.instantiateUsingFactoryMethod(AbstractAutowireCapableBeanFactory.java:1334) ~[spring-beans-6.1.3.jar:6.1.3]
	at org.springframework.beans.factory.support.AbstractAutowireCapableBeanFactory.createBeanInstance(AbstractAutowireCapableBeanFactory.java:1164) ~[spring-beans-6.1.3.jar:6.1.3]
	at org.springframework.beans.factory.support.AbstractAutowireCapableBeanFactory.doCreateBean(AbstractAutowireCapableBeanFactory.java:561) ~[spring-beans-6.1.3.jar:6.1.3]
	at org.springframework.beans.factory.support.AbstractAutowireCapableBeanFactory.createBean(AbstractAutowireCapableBeanFactory.java:521) ~[spring-beans-6.1.3.jar:6.1.3]
	at org.springframework.beans.factory.support.AbstractBeanFactory.doGetBean(AbstractBeanFactory.java:343) ~[spring-beans-6.1.3.jar:6.1.3]
	at org.springframework.beans.factory.support.AbstractBeanFactory.getBean(AbstractBeanFactory.java:199) ~[spring-beans-6.1.3.jar:6.1.3]
	at org.springframework.beans.factory.config.DependencyDescriptor.resolveCandidate(DependencyDescriptor.java:254) ~[spring-beans-6.1.3.jar:6.1.3]
	at org.springframework.beans.factory.support.DefaultListableBeanFactory.doResolveDependency(DefaultListableBeanFactory.java:1443) ~[spring-beans-6.1.3.jar:6.1.3]
	at org.springframework.beans.factory.support.DefaultListableBeanFactory.resolveDependency(DefaultListableBeanFactory.java:1353) ~[spring-beans-6.1.3.jar:6.1.3]
	at org.springframework.beans.factory.annotation.AutowiredAnnotationBeanPostProcessor$AutowiredFieldElement.resolveFieldValue(AutowiredAnnotationBeanPostProcessor.java:784) ~[spring-beans-6.1.3.jar:6.1.3]
	at org.springframework.beans.factory.annotation.AutowiredAnnotationBeanPostProcessor$AutowiredFieldElement.inject(AutowiredAnnotationBeanPostProcessor.java:767) ~[spring-beans-6.1.3.jar:6.1.3]
	at org.springframework.beans.factory.annotation.InjectionMetadata.inject(InjectionMetadata.java:145) ~[spring-beans-6.1.3.jar:6.1.3]
	at org.springframework.beans.factory.annotation.AutowiredAnnotationBeanPostProcessor.postProcessProperties(AutowiredAnnotationBeanPostProcessor.java:508) ~[spring-beans-6.1.3.jar:6.1.3]
	at org.springframework.beans.factory.support.AbstractAutowireCapableBeanFactory.populateBean(AbstractAutowireCapableBeanFactory.java:1418) ~[spring-beans-6.1.3.jar:6.1.3]
	at org.springframework.beans.factory.support.AbstractAutowireCapableBeanFactory.doCreateBean(AbstractAutowireCapableBeanFactory.java:598) ~[spring-beans-6.1.3.jar:6.1.3]
	at org.springframework.beans.factory.support.AbstractAutowireCapableBeanFactory.createBean(AbstractAutowireCapableBeanFactory.java:521) ~[spring-beans-6.1.3.jar:6.1.3]
	at org.springframework.beans.factory.support.AbstractBeanFactory.lambda$doGetBean$0(AbstractBeanFactory.java:325) ~[spring-beans-6.1.3.jar:6.1.3]
	at org.springframework.beans.factory.support.DefaultSingletonBeanRegistry.getSingleton(DefaultSingletonBeanRegistry.java:234) ~[spring-beans-6.1.3.jar:6.1.3]
	at org.springframework.beans.factory.support.AbstractBeanFactory.doGetBean(AbstractBeanFactory.java:323) ~[spring-beans-6.1.3.jar:6.1.3]
	at org.springframework.beans.factory.support.AbstractBeanFactory.getBean(AbstractBeanFactory.java:199) ~[spring-beans-6.1.3.jar:6.1.3]
	at org.springframework.beans.factory.support.DefaultListableBeanFactory.preInstantiateSingletons(DefaultListableBeanFactory.java:975) ~[spring-beans-6.1.3.jar:6.1.3]
	at org.springframework.context.support.AbstractApplicationContext.finishBeanFactoryInitialization(AbstractApplicationContext.java:959) ~[spring-context-6.1.3.jar:6.1.3]
	at org.springframework.context.support.AbstractApplicationContext.refresh(AbstractApplicationContext.java:624) ~[spring-context-6.1.3.jar:6.1.3]
	at org.springframework.boot.SpringApplication.refresh(SpringApplication.java:754) ~[spring-boot-3.2.2.jar:3.2.2]
	at org.springframework.boot.SpringApplication.refreshContext(SpringApplication.java:456) ~[spring-boot-3.2.2.jar:3.2.2]
	at org.springframework.boot.SpringApplication.run(SpringApplication.java:334) ~[spring-boot-3.2.2.jar:3.2.2]
	at org.springframework.boot.test.context.SpringBootContextLoader.lambda$loadContext$3(SpringBootContextLoader.java:137) ~[spring-boot-test-3.2.2.jar:3.2.2]
	at org.springframework.util.function.ThrowingSupplier.get(ThrowingSupplier.java:58) ~[spring-core-6.1.3.jar:6.1.3]
	at org.springframework.util.function.ThrowingSupplier.get(ThrowingSupplier.java:46) ~[spring-core-6.1.3.jar:6.1.3]
	at org.springframework.boot.SpringApplication.withHook(SpringApplication.java:1454) ~[spring-boot-3.2.2.jar:3.2.2]
	at org.springframework.boot.test.context.SpringBootContextLoader$ContextLoaderHook.run(SpringBootContextLoader.java:552) ~[spring-boot-test-3.2.2.jar:3.2.2]
	at org.springframework.boot.test.context.SpringBootContextLoader.loadContext(SpringBootContextLoader.java:137) ~[spring-boot-test-3.2.2.jar:3.2.2]
	at org.springframework.boot.test.context.SpringBootContextLoader.loadContext(SpringBootContextLoader.java:108) ~[spring-boot-test-3.2.2.jar:3.2.2]
	at org.springframework.test.context.cache.DefaultCacheAwareContextLoaderDelegate.loadContextInternal(DefaultCacheAwareContextLoaderDelegate.java:225) ~[spring-test-6.1.3.jar:6.1.3]
	at org.springframework.test.context.cache.DefaultCacheAwareContextLoaderDelegate.loadContext(DefaultCacheAwareContextLoaderDelegate.java:152) ~[spring-test-6.1.3.jar:6.1.3]
	... 73 more
[INFO ] 2026-03-27 17:48:04.059 [main] AnnotationConfigContextLoaderUtils - Could not detect default configuration classes for test class [org.hotel.app.security.AuthentificationControllerTest]: AuthentificationControllerTest does not declare any static, non-private, non-final, nested classes annotated with @Configuration.
[INFO ] 2026-03-27 17:48:04.295 [main] SpringBootTestContextBootstrapper - Found @SpringBootConfiguration org.hotel.app.App for test class org.hotel.app.security.AuthentificationControllerTest
[INFO ] 2026-03-27 17:48:04.923 [main] AuthentificationControllerTest - Starting AuthentificationControllerTest using Java 17.0.12 with PID 5364 (started by Blake in C:\Apps and data\Java projects\HotelSpring\app)
[INFO ] 2026-03-27 17:48:04.934 [main] AuthentificationControllerTest - No active profile set, falling back to 1 default profile: "default"
[INFO ] 2026-03-27 17:48:09.402 [main] DefaultSecurityFilterChain - Will secure any request with [org.springframework.security.web.session.DisableEncodeUrlFilter@cf08c97, org.springframework.security.web.context.request.async.WebAsyncManagerIntegrationFilter@37c87fcc, org.springframework.security.web.context.SecurityContextHolderFilter@3a709cc7, org.springframework.security.web.header.HeaderWriterFilter@62883f8a, org.springframework.web.filter.CorsFilter@ca2be53, org.springframework.security.web.csrf.CsrfFilter@6ae42248, org.springframework.security.web.authentication.logout.LogoutFilter@6ac9b66b, org.springframework.security.web.authentication.UsernamePasswordAuthenticationFilter@38e46765, org.springframework.security.web.authentication.ui.DefaultLoginPageGeneratingFilter@6906be0f, org.springframework.security.web.authentication.ui.DefaultLogoutPageGeneratingFilter@78f5cbc5, org.springframework.security.web.authentication.www.BasicAuthenticationFilter@498e41a4, org.springframework.security.web.savedrequest.RequestCacheAwareFilter@1da5c19d, org.springframework.security.web.servletapi.SecurityContextHolderAwareRequestFilter@3e4f2300, org.springframework.security.web.authentication.AnonymousAuthenticationFilter@70697478, org.springframework.security.web.access.ExceptionTranslationFilter@10d905c1, org.springframework.security.web.access.intercept.AuthorizationFilter@4fc3529]
[INFO ] 2026-03-27 17:48:09.529 [main] SpringBootMockServletContext - Initializing Spring TestDispatcherServlet ''
[INFO ] 2026-03-27 17:48:09.529 [main] TestDispatcherServlet - Initializing Servlet ''
[INFO ] 2026-03-27 17:48:09.532 [main] TestDispatcherServlet - Completed initialization in 3 ms
[INFO ] 2026-03-27 17:48:09.571 [main] AuthentificationControllerTest - Started AuthentificationControllerTest in 5.114 seconds (process running for 7.459)
[INFO ] 2026-03-27 17:48:35.892 [main] AnnotationConfigContextLoaderUtils - Could not detect default configuration classes for test class [org.hotel.app.security.AuthentificationControllerTest]: AuthentificationControllerTest does not declare any static, non-private, non-final, nested classes annotated with @Configuration.
[INFO ] 2026-03-27 17:48:36.149 [main] SpringBootTestContextBootstrapper - Found @SpringBootConfiguration org.hotel.app.App for test class org.hotel.app.security.AuthentificationControllerTest
[INFO ] 2026-03-27 17:48:36.753 [main] AuthentificationControllerTest - Starting AuthentificationControllerTest using Java 17.0.12 with PID 9820 (started by Blake in C:\Apps and data\Java projects\HotelSpring\app)
[INFO ] 2026-03-27 17:48:36.764 [main] AuthentificationControllerTest - No active profile set, falling back to 1 default profile: "default"
[INFO ] 2026-03-27 17:48:41.065 [main] DefaultSecurityFilterChain - Will secure any request with [org.springframework.security.web.session.DisableEncodeUrlFilter@77eb607e, org.springframework.security.web.context.request.async.WebAsyncManagerIntegrationFilter@1f1fbc9f, org.springframework.security.web.context.SecurityContextHolderFilter@40738846, org.springframework.security.web.header.HeaderWriterFilter@42e202d7, org.springframework.web.filter.CorsFilter@10d4b573, org.springframework.security.web.csrf.CsrfFilter@5e8f0f98, org.springframework.security.web.authentication.logout.LogoutFilter@70ee1963, org.springframework.security.web.authentication.UsernamePasswordAuthenticationFilter@21540255, org.springframework.security.web.authentication.ui.DefaultLoginPageGeneratingFilter@2965dd88, org.springframework.security.web.authentication.ui.DefaultLogoutPageGeneratingFilter@50785f86, org.springframework.security.web.authentication.www.BasicAuthenticationFilter@3e6acec2, org.springframework.security.web.savedrequest.RequestCacheAwareFilter@1686ed85, org.springframework.security.web.servletapi.SecurityContextHolderAwareRequestFilter@5891b7c5, org.springframework.security.web.authentication.AnonymousAuthenticationFilter@7c3c3d67, org.springframework.security.web.access.ExceptionTranslationFilter@336d28a1, org.springframework.security.web.access.intercept.AuthorizationFilter@17df689e]
[INFO ] 2026-03-27 17:48:41.243 [main] SpringBootMockServletContext - Initializing Spring TestDispatcherServlet ''
[INFO ] 2026-03-27 17:48:41.244 [main] TestDispatcherServlet - Initializing Servlet ''
[INFO ] 2026-03-27 17:48:41.248 [main] TestDispatcherServlet - Completed initialization in 3 ms
[INFO ] 2026-03-27 17:48:41.320 [main] AuthentificationControllerTest - Started AuthentificationControllerTest in 5.009 seconds (process running for 7.591)
[INFO ] 2026-03-27 17:49:53.884 [main] AnnotationConfigContextLoaderUtils - Could not detect default configuration classes for test class [org.hotel.app.security.AuthentificationControllerTest]: AuthentificationControllerTest does not declare any static, non-private, non-final, nested classes annotated with @Configuration.
[INFO ] 2026-03-27 17:49:54.128 [main] SpringBootTestContextBootstrapper - Found @SpringBootConfiguration org.hotel.app.App for test class org.hotel.app.security.AuthentificationControllerTest
[INFO ] 2026-03-27 17:49:54.757 [main] AuthentificationControllerTest - Starting AuthentificationControllerTest using Java 17.0.12 with PID 17016 (started by Blake in C:\Apps and data\Java projects\HotelSpring\app)
[INFO ] 2026-03-27 17:49:54.768 [main] AuthentificationControllerTest - No active profile set, falling back to 1 default profile: "default"
[WARN ] 2026-03-27 17:49:57.593 [main] GenericWebApplicationContext - Exception encountered during context initialization - cancelling refresh attempt: org.springframework.beans.factory.BeanCreationException: Error creating bean with name 'authenticationManager' defined in class path resource [org/hotel/app/security/ApplicationConfig.class]: Failed to instantiate [org.springframework.security.authentication.AuthenticationManager]: Factory method 'authenticationManager' threw exception with message: Error creating bean with name 'org.hotel.app.security.SecurityConfig': Unsatisfied dependency expressed through constructor parameter 2: No qualifying bean of type 'org.hotel.app.security.CustomAccessDeniedHandler' available: expected at least 1 bean which qualifies as autowire candidate. Dependency annotations: {}
[INFO ] 2026-03-27 17:49:57.610 [main] ConditionEvaluationReportLogger - 

Error starting ApplicationContext. To display the condition evaluation report re-run your application with 'debug' enabled.
[ERROR] 2026-03-27 17:49:57.695 [main] LoggingFailureAnalysisReporter - 

***************************
APPLICATION FAILED TO START
***************************

Description:

Parameter 2 of constructor in org.hotel.app.security.SecurityConfig required a bean of type 'org.hotel.app.security.CustomAccessDeniedHandler' that could not be found.


Action:

Consider defining a bean of type 'org.hotel.app.security.CustomAccessDeniedHandler' in your configuration.

[WARN ] 2026-03-27 17:49:57.716 [main] TestContextManager - Caught exception while allowing TestExecutionListener [org.springframework.boot.test.mock.mockito.MockitoTestExecutionListener] to prepare test instance [org.hotel.app.security.AuthentificationControllerTest@bd273b2]
java.lang.IllegalStateException: Failed to load ApplicationContext for [WebMergedContextConfiguration@655621fd testClass = org.hotel.app.security.AuthentificationControllerTest, locations = [], classes = [org.hotel.app.App], contextInitializerClasses = [], activeProfiles = [], propertySourceDescriptors = [], propertySourceProperties = ["org.springframework.boot.test.autoconfigure.web.servlet.WebMvcTestContextBootstrapper=true"], contextCustomizers = [[ImportsContextCustomizer@77e9dca8 key = [org.springframework.boot.autoconfigure.task.TaskExecutionAutoConfiguration, org.springframework.boot.autoconfigure.cache.CacheAutoConfiguration, org.springframework.boot.autoconfigure.web.servlet.HttpEncodingAutoConfiguration, org.springframework.boot.autoconfigure.validation.ValidationAutoConfiguration, org.springframework.boot.autoconfigure.context.MessageSourceAutoConfiguration, org.springframework.boot.autoconfigure.hateoas.HypermediaAutoConfiguration, org.springframework.boot.autoconfigure.data.web.SpringDataWebAutoConfiguration, org.springframework.boot.autoconfigure.jackson.JacksonAutoConfiguration, org.springframework.boot.test.autoconfigure.web.reactive.WebTestClientAutoConfiguration, org.springframework.boot.autoconfigure.web.servlet.error.ErrorMvcAutoConfiguration, org.springframework.boot.test.autoconfigure.web.servlet.MockMvcAutoConfiguration, org.hotel.app.security.SecurityConfig, org.springframework.boot.autoconfigure.security.servlet.SecurityAutoConfiguration, org.springframework.boot.autoconfigure.security.servlet.SecurityFilterAutoConfiguration, org.springframework.boot.autoconfigure.http.HttpMessageConvertersAutoConfiguration, org.hotel.app.security.ApplicationConfig, org.springframework.boot.autoconfigure.security.oauth2.client.servlet.OAuth2ClientAutoConfiguration, org.springframework.boot.test.autoconfigure.web.servlet.MockMvcSecurityConfiguration, org.springframework.boot.test.autoconfigure.web.servlet.MockMvcWebClientAutoConfiguration, org.springframework.boot.test.autoconfigure.web.servlet.MockMvcWebDriverAutoConfiguration, org.springframework.boot.autoconfigure.thymeleaf.ThymeleafAutoConfiguration, org.springframework.boot.autoconfigure.gson.GsonAutoConfiguration, org.springframework.boot.autoconfigure.jsonb.JsonbAutoConfiguration, org.springframework.boot.autoconfigure.freemarker.FreeMarkerAutoConfiguration, org.springframework.boot.autoconfigure.web.servlet.WebMvcAutoConfiguration, org.springframework.boot.autoconfigure.security.servlet.UserDetailsServiceAutoConfiguration, org.springframework.boot.autoconfigure.security.oauth2.resource.servlet.OAuth2ResourceServerAutoConfiguration, org.springframework.boot.autoconfigure.groovy.template.GroovyTemplateAutoConfiguration, org.springframework.boot.autoconfigure.mustache.MustacheAutoConfiguration]], org.springframework.boot.test.context.filter.ExcludeFilterContextCustomizer@74f7d1d2, org.springframework.boot.test.json.DuplicateJsonObjectContextCustomizerFactory$DuplicateJsonObjectContextCustomizer@5a62b2a4, org.springframework.boot.test.mock.mockito.MockitoContextCustomizer@b44c63fc, org.springframework.boot.test.autoconfigure.OverrideAutoConfigurationContextCustomizerFactory$DisableAutoConfigurationContextCustomizer@6d511b5f, org.springframework.boot.test.autoconfigure.actuate.observability.ObservabilityContextCustomizerFactory$DisableObservabilityContextCustomizer@1f, org.springframework.boot.test.autoconfigure.filter.TypeExcludeFiltersContextCustomizer@f054e73f, org.springframework.boot.test.autoconfigure.properties.PropertyMappingContextCustomizer@3530828b, org.springframework.boot.test.autoconfigure.web.servlet.WebDriverContextCustomizer@f5c79a6, org.springframework.boot.test.context.SpringBootTestAnnotation@69d5477a], resourceBasePath = "src/main/webapp", contextLoader = org.springframework.boot.test.context.SpringBootContextLoader, parent = null]
	at org.springframework.test.context.cache.DefaultCacheAwareContextLoaderDelegate.loadContext(DefaultCacheAwareContextLoaderDelegate.java:180) ~[spring-test-6.1.3.jar:6.1.3]
	at org.springframework.test.context.support.DefaultTestContext.getApplicationContext(DefaultTestContext.java:130) ~[spring-test-6.1.3.jar:6.1.3]
	at org.springframework.boot.test.mock.mockito.MockitoTestExecutionListener.postProcessFields(MockitoTestExecutionListener.java:110) ~[spring-boot-test-3.2.2.jar:3.2.2]
	at org.springframework.boot.test.mock.mockito.MockitoTestExecutionListener.injectFields(MockitoTestExecutionListener.java:94) ~[spring-boot-test-3.2.2.jar:3.2.2]
	at org.springframework.boot.test.mock.mockito.MockitoTestExecutionListener.prepareTestInstance(MockitoTestExecutionListener.java:61) ~[spring-boot-test-3.2.2.jar:3.2.2]
	at org.springframework.test.context.TestContextManager.prepareTestInstance(TestContextManager.java:260) ~[spring-test-6.1.3.jar:6.1.3]
	at org.springframework.test.context.junit.jupiter.SpringExtension.postProcessTestInstance(SpringExtension.java:163) ~[spring-test-6.1.3.jar:6.1.3]
	at org.junit.jupiter.engine.descriptor.ClassBasedTestDescriptor.lambda$invokeTestInstancePostProcessors$10(ClassBasedTestDescriptor.java:378) ~[junit-jupiter-engine-5.10.0.jar:5.10.0]
	at org.junit.jupiter.engine.descriptor.ClassBasedTestDescriptor.executeAndMaskThrowable(ClassBasedTestDescriptor.java:383) ~[junit-jupiter-engine-5.10.0.jar:5.10.0]
	at org.junit.jupiter.engine.descriptor.ClassBasedTestDescriptor.lambda$invokeTestInstancePostProcessors$11(ClassBasedTestDescriptor.java:378) ~[junit-jupiter-engine-5.10.0.jar:5.10.0]
	at java.base/java.util.stream.ReferencePipeline$3$1.accept(ReferencePipeline.java:197) ~[?:?]
	at java.base/java.util.stream.ReferencePipeline$2$1.accept(ReferencePipeline.java:179) ~[?:?]
	at java.base/java.util.ArrayList$ArrayListSpliterator.forEachRemaining(ArrayList.java:1625) ~[?:?]
	at java.base/java.util.stream.AbstractPipeline.copyInto(AbstractPipeline.java:509) ~[?:?]
	at java.base/java.util.stream.AbstractPipeline.wrapAndCopyInto(AbstractPipeline.java:499) ~[?:?]
	at java.base/java.util.stream.StreamSpliterators$WrappingSpliterator.forEachRemaining(StreamSpliterators.java:310) ~[?:?]
	at java.base/java.util.stream.Streams$ConcatSpliterator.forEachRemaining(Streams.java:735) ~[?:?]
	at java.base/java.util.stream.Streams$ConcatSpliterator.forEachRemaining(Streams.java:734) ~[?:?]
	at java.base/java.util.stream.ReferencePipeline$Head.forEach(ReferencePipeline.java:762) ~[?:?]
	at org.junit.jupiter.engine.descriptor.ClassBasedTestDescriptor.invokeTestInstancePostProcessors(ClassBasedTestDescriptor.java:377) ~[junit-jupiter-engine-5.10.0.jar:5.10.0]
	at org.junit.jupiter.engine.descriptor.ClassBasedTestDescriptor.lambda$instantiateAndPostProcessTestInstance$6(ClassBasedTestDescriptor.java:290) ~[junit-jupiter-engine-5.10.0.jar:5.10.0]
	at org.junit.platform.engine.support.hierarchical.ThrowableCollector.execute(ThrowableCollector.java:73) ~[junit-platform-engine-1.10.0.jar:1.10.0]
	at org.junit.jupiter.engine.descriptor.ClassBasedTestDescriptor.instantiateAndPostProcessTestInstance(ClassBasedTestDescriptor.java:289) ~[junit-jupiter-engine-5.10.0.jar:5.10.0]
	at org.junit.jupiter.engine.descriptor.ClassBasedTestDescriptor.lambda$testInstancesProvider$4(ClassBasedTestDescriptor.java:279) ~[junit-jupiter-engine-5.10.0.jar:5.10.0]
	at java.base/java.util.Optional.orElseGet(Optional.java:364) ~[?:?]
	at org.junit.jupiter.engine.descriptor.ClassBasedTestDescriptor.lambda$testInstancesProvider$5(ClassBasedTestDescriptor.java:278) ~[junit-jupiter-engine-5.10.0.jar:5.10.0]
	at org.junit.jupiter.engine.execution.TestInstancesProvider.getTestInstances(TestInstancesProvider.java:31) ~[junit-jupiter-engine-5.10.0.jar:5.10.0]
	at org.junit.jupiter.engine.descriptor.TestMethodTestDescriptor.lambda$prepare$0(TestMethodTestDescriptor.java:106) ~[junit-jupiter-engine-5.10.0.jar:5.10.0]
	at org.junit.platform.engine.support.hierarchical.ThrowableCollector.execute(ThrowableCollector.java:73) ~[junit-platform-engine-1.10.0.jar:1.10.0]
	at org.junit.jupiter.engine.descriptor.TestMethodTestDescriptor.prepare(TestMethodTestDescriptor.java:105) ~[junit-jupiter-engine-5.10.0.jar:5.10.0]
	at org.junit.jupiter.engine.descriptor.TestMethodTestDescriptor.prepare(TestMethodTestDescriptor.java:69) ~[junit-jupiter-engine-5.10.0.jar:5.10.0]
	at org.junit.platform.engine.support.hierarchical.NodeTestTask.lambda$prepare$2(NodeTestTask.java:123) ~[junit-platform-engine-1.10.0.jar:1.10.0]
	at org.junit.platform.engine.support.hierarchical.ThrowableCollector.execute(ThrowableCollector.java:73) ~[junit-platform-engine-1.10.0.jar:1.10.0]
	at org.junit.platform.engine.support.hierarchical.NodeTestTask.prepare(NodeTestTask.java:123) ~[junit-platform-engine-1.10.0.jar:1.10.0]
	at org.junit.platform.engine.support.hierarchical.NodeTestTask.execute(NodeTestTask.java:90) ~[junit-platform-engine-1.10.0.jar:1.10.0]
	at java.base/java.util.ArrayList.forEach(ArrayList.java:1511) ~[?:?]
	at org.junit.platform.engine.support.hierarchical.SameThreadHierarchicalTestExecutorService.invokeAll(SameThreadHierarchicalTestExecutorService.java:41) ~[junit-platform-engine-1.10.0.jar:1.10.0]
	at org.junit.platform.engine.support.hierarchical.NodeTestTask.lambda$executeRecursively$6(NodeTestTask.java:155) ~[junit-platform-engine-1.10.0.jar:1.10.0]
	at org.junit.platform.engine.support.hierarchical.ThrowableCollector.execute(ThrowableCollector.java:73) ~[junit-platform-engine-1.10.0.jar:1.10.0]
	at org.junit.platform.engine.support.hierarchical.NodeTestTask.lambda$executeRecursively$8(NodeTestTask.java:141) ~[junit-platform-engine-1.10.0.jar:1.10.0]
	at org.junit.platform.engine.support.hierarchical.Node.around(Node.java:137) ~[junit-platform-engine-1.10.0.jar:1.10.0]
	at org.junit.platform.engine.support.hierarchical.NodeTestTask.lambda$executeRecursively$9(NodeTestTask.java:139) ~[junit-platform-engine-1.10.0.jar:1.10.0]
	at org.junit.platform.engine.support.hierarchical.ThrowableCollector.execute(ThrowableCollector.java:73) ~[junit-platform-engine-1.10.0.jar:1.10.0]
	at org.junit.platform.engine.support.hierarchical.NodeTestTask.executeRecursively(NodeTestTask.java:138) ~[junit-platform-engine-1.10.0.jar:1.10.0]
	at org.junit.platform.engine.support.hierarchical.NodeTestTask.execute(NodeTestTask.java:95) ~[junit-platform-engine-1.10.0.jar:1.10.0]
	at java.base/java.util.ArrayList.forEach(ArrayList.java:1511) ~[?:?]
	at org.junit.platform.engine.support.hierarchical.SameThreadHierarchicalTestExecutorService.invokeAll(SameThreadHierarchicalTestExecutorService.java:41) ~[junit-platform-engine-1.10.0.jar:1.10.0]
	at org.junit.platform.engine.support.hierarchical.NodeTestTask.lambda$executeRecursively$6(NodeTestTask.java:155) ~[junit-platform-engine-1.10.0.jar:1.10.0]
	at org.junit.platform.engine.support.hierarchical.ThrowableCollector.execute(ThrowableCollector.java:73) ~[junit-platform-engine-1.10.0.jar:1.10.0]
	at org.junit.platform.engine.support.hierarchical.NodeTestTask.lambda$executeRecursively$8(NodeTestTask.java:141) ~[junit-platform-engine-1.10.0.jar:1.10.0]
	at org.junit.platform.engine.support.hierarchical.Node.around(Node.java:137) ~[junit-platform-engine-1.10.0.jar:1.10.0]
	at org.junit.platform.engine.support.hierarchical.NodeTestTask.lambda$executeRecursively$9(NodeTestTask.java:139) ~[junit-platform-engine-1.10.0.jar:1.10.0]
	at org.junit.platform.engine.support.hierarchical.ThrowableCollector.execute(ThrowableCollector.java:73) ~[junit-platform-engine-1.10.0.jar:1.10.0]
	at org.junit.platform.engine.support.hierarchical.NodeTestTask.executeRecursively(NodeTestTask.java:138) ~[junit-platform-engine-1.10.0.jar:1.10.0]
	at org.junit.platform.engine.support.hierarchical.NodeTestTask.execute(NodeTestTask.java:95) ~[junit-platform-engine-1.10.0.jar:1.10.0]
	at org.junit.platform.engine.support.hierarchical.SameThreadHierarchicalTestExecutorService.submit(SameThreadHierarchicalTestExecutorService.java:35) ~[junit-platform-engine-1.10.0.jar:1.10.0]
	at org.junit.platform.engine.support.hierarchical.HierarchicalTestExecutor.execute(HierarchicalTestExecutor.java:57) ~[junit-platform-engine-1.10.0.jar:1.10.0]
	at org.junit.platform.engine.support.hierarchical.HierarchicalTestEngine.execute(HierarchicalTestEngine.java:54) ~[junit-platform-engine-1.10.0.jar:1.10.0]
	at org.junit.platform.launcher.core.EngineExecutionOrchestrator.execute(EngineExecutionOrchestrator.java:198) ~[junit-platform-launcher-1.10.0.jar:1.10.0]
	at org.junit.platform.launcher.core.EngineExecutionOrchestrator.execute(EngineExecutionOrchestrator.java:169) ~[junit-platform-launcher-1.10.0.jar:1.10.0]
	at org.junit.platform.launcher.core.EngineExecutionOrchestrator.execute(EngineExecutionOrchestrator.java:93) ~[junit-platform-launcher-1.10.0.jar:1.10.0]
	at org.junit.platform.launcher.core.EngineExecutionOrchestrator.lambda$execute$0(EngineExecutionOrchestrator.java:58) ~[junit-platform-launcher-1.10.0.jar:1.10.0]
	at org.junit.platform.launcher.core.EngineExecutionOrchestrator.withInterceptedStreams(EngineExecutionOrchestrator.java:141) [junit-platform-launcher-1.10.0.jar:1.10.0]
	at org.junit.platform.launcher.core.EngineExecutionOrchestrator.execute(EngineExecutionOrchestrator.java:57) [junit-platform-launcher-1.10.0.jar:1.10.0]
	at org.junit.platform.launcher.core.DefaultLauncher.execute(DefaultLauncher.java:103) [junit-platform-launcher-1.10.0.jar:1.10.0]
	at org.junit.platform.launcher.core.DefaultLauncher.execute(DefaultLauncher.java:85) [junit-platform-launcher-1.10.0.jar:1.10.0]
	at org.junit.platform.launcher.core.DelegatingLauncher.execute(DelegatingLauncher.java:47) [junit-platform-launcher-1.10.0.jar:1.10.0]
	at org.junit.platform.launcher.core.SessionPerRequestLauncher.execute(SessionPerRequestLauncher.java:63) [junit-platform-launcher-1.10.0.jar:1.10.0]
	at com.intellij.junit5.JUnit5IdeaTestRunner.startRunnerWithArgs(JUnit5IdeaTestRunner.java:66) [junit5-rt.jar:?]
	at com.intellij.rt.junit.IdeaTestRunner$Repeater$1.execute(IdeaTestRunner.java:38) [junit-rt.jar:?]
	at com.intellij.rt.execution.junit.TestsRepeater.repeat(TestsRepeater.java:11) [idea_rt.jar:?]
	at com.intellij.rt.junit.IdeaTestRunner$Repeater.startRunnerWithArgs(IdeaTestRunner.java:35) [junit-rt.jar:?]
	at com.intellij.rt.junit.JUnitStarter.prepareStreamsAndStart(JUnitStarter.java:231) [junit-rt.jar:?]
	at com.intellij.rt.junit.JUnitStarter.main(JUnitStarter.java:55) [junit-rt.jar:?]
Caused by: org.springframework.beans.factory.BeanCreationException: Error creating bean with name 'authenticationManager' defined in class path resource [org/hotel/app/security/ApplicationConfig.class]: Failed to instantiate [org.springframework.security.authentication.AuthenticationManager]: Factory method 'authenticationManager' threw exception with message: Error creating bean with name 'org.hotel.app.security.SecurityConfig': Unsatisfied dependency expressed through constructor parameter 2: No qualifying bean of type 'org.hotel.app.security.CustomAccessDeniedHandler' available: expected at least 1 bean which qualifies as autowire candidate. Dependency annotations: {}
	at org.springframework.beans.factory.support.ConstructorResolver.instantiate(ConstructorResolver.java:651) ~[spring-beans-6.1.3.jar:6.1.3]
	at org.springframework.beans.factory.support.ConstructorResolver.instantiateUsingFactoryMethod(ConstructorResolver.java:639) ~[spring-beans-6.1.3.jar:6.1.3]
	at org.springframework.beans.factory.support.AbstractAutowireCapableBeanFactory.instantiateUsingFactoryMethod(AbstractAutowireCapableBeanFactory.java:1334) ~[spring-beans-6.1.3.jar:6.1.3]
	at org.springframework.beans.factory.support.AbstractAutowireCapableBeanFactory.createBeanInstance(AbstractAutowireCapableBeanFactory.java:1164) ~[spring-beans-6.1.3.jar:6.1.3]
	at org.springframework.beans.factory.support.AbstractAutowireCapableBeanFactory.doCreateBean(AbstractAutowireCapableBeanFactory.java:561) ~[spring-beans-6.1.3.jar:6.1.3]
	at org.springframework.beans.factory.support.AbstractAutowireCapableBeanFactory.createBean(AbstractAutowireCapableBeanFactory.java:521) ~[spring-beans-6.1.3.jar:6.1.3]
	at org.springframework.beans.factory.support.AbstractBeanFactory.lambda$doGetBean$0(AbstractBeanFactory.java:325) ~[spring-beans-6.1.3.jar:6.1.3]
	at org.springframework.beans.factory.support.DefaultSingletonBeanRegistry.getSingleton(DefaultSingletonBeanRegistry.java:234) ~[spring-beans-6.1.3.jar:6.1.3]
	at org.springframework.beans.factory.support.AbstractBeanFactory.doGetBean(AbstractBeanFactory.java:323) ~[spring-beans-6.1.3.jar:6.1.3]
	at org.springframework.beans.factory.support.AbstractBeanFactory.getBean(AbstractBeanFactory.java:199) ~[spring-beans-6.1.3.jar:6.1.3]
	at org.springframework.beans.factory.support.DefaultListableBeanFactory.preInstantiateSingletons(DefaultListableBeanFactory.java:975) ~[spring-beans-6.1.3.jar:6.1.3]
	at org.springframework.context.support.AbstractApplicationContext.finishBeanFactoryInitialization(AbstractApplicationContext.java:959) ~[spring-context-6.1.3.jar:6.1.3]
	at org.springframework.context.support.AbstractApplicationContext.refresh(AbstractApplicationContext.java:624) ~[spring-context-6.1.3.jar:6.1.3]
	at org.springframework.boot.SpringApplication.refresh(SpringApplication.java:754) ~[spring-boot-3.2.2.jar:3.2.2]
	at org.springframework.boot.SpringApplication.refreshContext(SpringApplication.java:456) ~[spring-boot-3.2.2.jar:3.2.2]
	at org.springframework.boot.SpringApplication.run(SpringApplication.java:334) ~[spring-boot-3.2.2.jar:3.2.2]
	at org.springframework.boot.test.context.SpringBootContextLoader.lambda$loadContext$3(SpringBootContextLoader.java:137) ~[spring-boot-test-3.2.2.jar:3.2.2]
	at org.springframework.util.function.ThrowingSupplier.get(ThrowingSupplier.java:58) ~[spring-core-6.1.3.jar:6.1.3]
	at org.springframework.util.function.ThrowingSupplier.get(ThrowingSupplier.java:46) ~[spring-core-6.1.3.jar:6.1.3]
	at org.springframework.boot.SpringApplication.withHook(SpringApplication.java:1454) ~[spring-boot-3.2.2.jar:3.2.2]
	at org.springframework.boot.test.context.SpringBootContextLoader$ContextLoaderHook.run(SpringBootContextLoader.java:552) ~[spring-boot-test-3.2.2.jar:3.2.2]
	at org.springframework.boot.test.context.SpringBootContextLoader.loadContext(SpringBootContextLoader.java:137) ~[spring-boot-test-3.2.2.jar:3.2.2]
	at org.springframework.boot.test.context.SpringBootContextLoader.loadContext(SpringBootContextLoader.java:108) ~[spring-boot-test-3.2.2.jar:3.2.2]
	at org.springframework.test.context.cache.DefaultCacheAwareContextLoaderDelegate.loadContextInternal(DefaultCacheAwareContextLoaderDelegate.java:225) ~[spring-test-6.1.3.jar:6.1.3]
	at org.springframework.test.context.cache.DefaultCacheAwareContextLoaderDelegate.loadContext(DefaultCacheAwareContextLoaderDelegate.java:152) ~[spring-test-6.1.3.jar:6.1.3]
	... 73 more
Caused by: org.springframework.beans.BeanInstantiationException: Failed to instantiate [org.springframework.security.authentication.AuthenticationManager]: Factory method 'authenticationManager' threw exception with message: Error creating bean with name 'org.hotel.app.security.SecurityConfig': Unsatisfied dependency expressed through constructor parameter 2: No qualifying bean of type 'org.hotel.app.security.CustomAccessDeniedHandler' available: expected at least 1 bean which qualifies as autowire candidate. Dependency annotations: {}
	at org.springframework.beans.factory.support.SimpleInstantiationStrategy.instantiate(SimpleInstantiationStrategy.java:177) ~[spring-beans-6.1.3.jar:6.1.3]
	at org.springframework.beans.factory.support.ConstructorResolver.instantiate(ConstructorResolver.java:647) ~[spring-beans-6.1.3.jar:6.1.3]
	at org.springframework.beans.factory.support.ConstructorResolver.instantiateUsingFactoryMethod(ConstructorResolver.java:639) ~[spring-beans-6.1.3.jar:6.1.3]
	at org.springframework.beans.factory.support.AbstractAutowireCapableBeanFactory.instantiateUsingFactoryMethod(AbstractAutowireCapableBeanFactory.java:1334) ~[spring-beans-6.1.3.jar:6.1.3]
	at org.springframework.beans.factory.support.AbstractAutowireCapableBeanFactory.createBeanInstance(AbstractAutowireCapableBeanFactory.java:1164) ~[spring-beans-6.1.3.jar:6.1.3]
	at org.springframework.beans.factory.support.AbstractAutowireCapableBeanFactory.doCreateBean(AbstractAutowireCapableBeanFactory.java:561) ~[spring-beans-6.1.3.jar:6.1.3]
	at org.springframework.beans.factory.support.AbstractAutowireCapableBeanFactory.createBean(AbstractAutowireCapableBeanFactory.java:521) ~[spring-beans-6.1.3.jar:6.1.3]
	at org.springframework.beans.factory.support.AbstractBeanFactory.lambda$doGetBean$0(AbstractBeanFactory.java:325) ~[spring-beans-6.1.3.jar:6.1.3]
	at org.springframework.beans.factory.support.DefaultSingletonBeanRegistry.getSingleton(DefaultSingletonBeanRegistry.java:234) ~[spring-beans-6.1.3.jar:6.1.3]
	at org.springframework.beans.factory.support.AbstractBeanFactory.doGetBean(AbstractBeanFactory.java:323) ~[spring-beans-6.1.3.jar:6.1.3]
	at org.springframework.beans.factory.support.AbstractBeanFactory.getBean(AbstractBeanFactory.java:199) ~[spring-beans-6.1.3.jar:6.1.3]
	at org.springframework.beans.factory.support.DefaultListableBeanFactory.preInstantiateSingletons(DefaultListableBeanFactory.java:975) ~[spring-beans-6.1.3.jar:6.1.3]
	at org.springframework.context.support.AbstractApplicationContext.finishBeanFactoryInitialization(AbstractApplicationContext.java:959) ~[spring-context-6.1.3.jar:6.1.3]
	at org.springframework.context.support.AbstractApplicationContext.refresh(AbstractApplicationContext.java:624) ~[spring-context-6.1.3.jar:6.1.3]
	at org.springframework.boot.SpringApplication.refresh(SpringApplication.java:754) ~[spring-boot-3.2.2.jar:3.2.2]
	at org.springframework.boot.SpringApplication.refreshContext(SpringApplication.java:456) ~[spring-boot-3.2.2.jar:3.2.2]
	at org.springframework.boot.SpringApplication.run(SpringApplication.java:334) ~[spring-boot-3.2.2.jar:3.2.2]
	at org.springframework.boot.test.context.SpringBootContextLoader.lambda$loadContext$3(SpringBootContextLoader.java:137) ~[spring-boot-test-3.2.2.jar:3.2.2]
	at org.springframework.util.function.ThrowingSupplier.get(ThrowingSupplier.java:58) ~[spring-core-6.1.3.jar:6.1.3]
	at org.springframework.util.function.ThrowingSupplier.get(ThrowingSupplier.java:46) ~[spring-core-6.1.3.jar:6.1.3]
	at org.springframework.boot.SpringApplication.withHook(SpringApplication.java:1454) ~[spring-boot-3.2.2.jar:3.2.2]
	at org.springframework.boot.test.context.SpringBootContextLoader$ContextLoaderHook.run(SpringBootContextLoader.java:552) ~[spring-boot-test-3.2.2.jar:3.2.2]
	at org.springframework.boot.test.context.SpringBootContextLoader.loadContext(SpringBootContextLoader.java:137) ~[spring-boot-test-3.2.2.jar:3.2.2]
	at org.springframework.boot.test.context.SpringBootContextLoader.loadContext(SpringBootContextLoader.java:108) ~[spring-boot-test-3.2.2.jar:3.2.2]
	at org.springframework.test.context.cache.DefaultCacheAwareContextLoaderDelegate.loadContextInternal(DefaultCacheAwareContextLoaderDelegate.java:225) ~[spring-test-6.1.3.jar:6.1.3]
	at org.springframework.test.context.cache.DefaultCacheAwareContextLoaderDelegate.loadContext(DefaultCacheAwareContextLoaderDelegate.java:152) ~[spring-test-6.1.3.jar:6.1.3]
	... 73 more
Caused by: org.springframework.beans.factory.UnsatisfiedDependencyException: Error creating bean with name 'org.hotel.app.security.SecurityConfig': Unsatisfied dependency expressed through constructor parameter 2: No qualifying bean of type 'org.hotel.app.security.CustomAccessDeniedHandler' available: expected at least 1 bean which qualifies as autowire candidate. Dependency annotations: {}
	at org.springframework.beans.factory.support.ConstructorResolver.createArgumentArray(ConstructorResolver.java:798) ~[spring-beans-6.1.3.jar:6.1.3]
	at org.springframework.beans.factory.support.ConstructorResolver.autowireConstructor(ConstructorResolver.java:237) ~[spring-beans-6.1.3.jar:6.1.3]
	at org.springframework.beans.factory.support.AbstractAutowireCapableBeanFactory.autowireConstructor(AbstractAutowireCapableBeanFactory.java:1354) ~[spring-beans-6.1.3.jar:6.1.3]
	at org.springframework.beans.factory.support.AbstractAutowireCapableBeanFactory.createBeanInstance(AbstractAutowireCapableBeanFactory.java:1191) ~[spring-beans-6.1.3.jar:6.1.3]
	at org.springframework.beans.factory.support.AbstractAutowireCapableBeanFactory.doCreateBean(AbstractAutowireCapableBeanFactory.java:561) ~[spring-beans-6.1.3.jar:6.1.3]
	at org.springframework.beans.factory.support.AbstractAutowireCapableBeanFactory.createBean(AbstractAutowireCapableBeanFactory.java:521) ~[spring-beans-6.1.3.jar:6.1.3]
	at org.springframework.beans.factory.support.AbstractBeanFactory.lambda$doGetBean$0(AbstractBeanFactory.java:325) ~[spring-beans-6.1.3.jar:6.1.3]
	at org.springframework.beans.factory.support.DefaultSingletonBeanRegistry.getSingleton(DefaultSingletonBeanRegistry.java:234) ~[spring-beans-6.1.3.jar:6.1.3]
	at org.springframework.beans.factory.support.AbstractBeanFactory.doGetBean(AbstractBeanFactory.java:323) ~[spring-beans-6.1.3.jar:6.1.3]
	at org.springframework.beans.factory.support.AbstractBeanFactory.getBean(AbstractBeanFactory.java:199) ~[spring-beans-6.1.3.jar:6.1.3]
	at org.springframework.beans.factory.support.DefaultListableBeanFactory.getBeansWithAnnotation(DefaultListableBeanFactory.java:713) ~[spring-beans-6.1.3.jar:6.1.3]
	at org.springframework.context.support.AbstractApplicationContext.getBeansWithAnnotation(AbstractApplicationContext.java:1399) ~[spring-context-6.1.3.jar:6.1.3]
	at org.springframework.security.config.annotation.authentication.configuration.AuthenticationConfiguration$EnableGlobalAuthenticationAutowiredConfigurer.init(AuthenticationConfiguration.java:222) ~[spring-security-config-6.2.1.jar:6.2.1]
	at org.springframework.security.config.annotation.authentication.configuration.AuthenticationConfiguration$EnableGlobalAuthenticationAutowiredConfigurer.init(AuthenticationConfiguration.java:209) ~[spring-security-config-6.2.1.jar:6.2.1]
	at org.springframework.security.config.annotation.AbstractConfiguredSecurityBuilder.init(AbstractConfiguredSecurityBuilder.java:365) ~[spring-security-config-6.2.1.jar:6.2.1]
	at org.springframework.security.config.annotation.AbstractConfiguredSecurityBuilder.doBuild(AbstractConfiguredSecurityBuilder.java:327) ~[spring-security-config-6.2.1.jar:6.2.1]
	at org.springframework.security.config.annotation.AbstractSecurityBuilder.build(AbstractSecurityBuilder.java:38) ~[spring-security-config-6.2.1.jar:6.2.1]
	at org.springframework.security.config.annotation.authentication.configuration.AuthenticationConfiguration.getAuthenticationManager(AuthenticationConfiguration.java:121) ~[spring-security-config-6.2.1.jar:6.2.1]
	at org.hotel.app.security.ApplicationConfig.authenticationManager(ApplicationConfig.java:42) ~[classes/:?]
	at org.hotel.app.security.ApplicationConfig$$SpringCGLIB$$0.CGLIB$authenticationManager$1(<generated>) ~[classes/:?]
	at org.hotel.app.security.ApplicationConfig$$SpringCGLIB$$FastClass$$1.invoke(<generated>) ~[classes/:?]
	at org.springframework.cglib.proxy.MethodProxy.invokeSuper(MethodProxy.java:258) ~[spring-core-6.1.3.jar:6.1.3]
	at org.springframework.context.annotation.ConfigurationClassEnhancer$BeanMethodInterceptor.intercept(ConfigurationClassEnhancer.java:331) ~[spring-context-6.1.3.jar:6.1.3]
	at org.hotel.app.security.ApplicationConfig$$SpringCGLIB$$0.authenticationManager(<generated>) ~[classes/:?]
	at java.base/jdk.internal.reflect.NativeMethodAccessorImpl.invoke0(Native Method) ~[?:?]
	at java.base/jdk.internal.reflect.NativeMethodAccessorImpl.invoke(NativeMethodAccessorImpl.java:77) ~[?:?]
	at java.base/jdk.internal.reflect.DelegatingMethodAccessorImpl.invoke(DelegatingMethodAccessorImpl.java:43) ~[?:?]
	at java.base/java.lang.reflect.Method.invoke(Method.java:568) ~[?:?]
	at org.springframework.beans.factory.support.SimpleInstantiationStrategy.instantiate(SimpleInstantiationStrategy.java:140) ~[spring-beans-6.1.3.jar:6.1.3]
	at org.springframework.beans.factory.support.ConstructorResolver.instantiate(ConstructorResolver.java:647) ~[spring-beans-6.1.3.jar:6.1.3]
	at org.springframework.beans.factory.support.ConstructorResolver.instantiateUsingFactoryMethod(ConstructorResolver.java:639) ~[spring-beans-6.1.3.jar:6.1.3]
	at org.springframework.beans.factory.support.AbstractAutowireCapableBeanFactory.instantiateUsingFactoryMethod(AbstractAutowireCapableBeanFactory.java:1334) ~[spring-beans-6.1.3.jar:6.1.3]
	at org.springframework.beans.factory.support.AbstractAutowireCapableBeanFactory.createBeanInstance(AbstractAutowireCapableBeanFactory.java:1164) ~[spring-beans-6.1.3.jar:6.1.3]
	at org.springframework.beans.factory.support.AbstractAutowireCapableBeanFactory.doCreateBean(AbstractAutowireCapableBeanFactory.java:561) ~[spring-beans-6.1.3.jar:6.1.3]
	at org.springframework.beans.factory.support.AbstractAutowireCapableBeanFactory.createBean(AbstractAutowireCapableBeanFactory.java:521) ~[spring-beans-6.1.3.jar:6.1.3]
	at org.springframework.beans.factory.support.AbstractBeanFactory.lambda$doGetBean$0(AbstractBeanFactory.java:325) ~[spring-beans-6.1.3.jar:6.1.3]
	at org.springframework.beans.factory.support.DefaultSingletonBeanRegistry.getSingleton(DefaultSingletonBeanRegistry.java:234) ~[spring-beans-6.1.3.jar:6.1.3]
	at org.springframework.beans.factory.support.AbstractBeanFactory.doGetBean(AbstractBeanFactory.java:323) ~[spring-beans-6.1.3.jar:6.1.3]
	at org.springframework.beans.factory.support.AbstractBeanFactory.getBean(AbstractBeanFactory.java:199) ~[spring-beans-6.1.3.jar:6.1.3]
	at org.springframework.beans.factory.support.DefaultListableBeanFactory.preInstantiateSingletons(DefaultListableBeanFactory.java:975) ~[spring-beans-6.1.3.jar:6.1.3]
	at org.springframework.context.support.AbstractApplicationContext.finishBeanFactoryInitialization(AbstractApplicationContext.java:959) ~[spring-context-6.1.3.jar:6.1.3]
	at org.springframework.context.support.AbstractApplicationContext.refresh(AbstractApplicationContext.java:624) ~[spring-context-6.1.3.jar:6.1.3]
	at org.springframework.boot.SpringApplication.refresh(SpringApplication.java:754) ~[spring-boot-3.2.2.jar:3.2.2]
	at org.springframework.boot.SpringApplication.refreshContext(SpringApplication.java:456) ~[spring-boot-3.2.2.jar:3.2.2]
	at org.springframework.boot.SpringApplication.run(SpringApplication.java:334) ~[spring-boot-3.2.2.jar:3.2.2]
	at org.springframework.boot.test.context.SpringBootContextLoader.lambda$loadContext$3(SpringBootContextLoader.java:137) ~[spring-boot-test-3.2.2.jar:3.2.2]
	at org.springframework.util.function.ThrowingSupplier.get(ThrowingSupplier.java:58) ~[spring-core-6.1.3.jar:6.1.3]
	at org.springframework.util.function.ThrowingSupplier.get(ThrowingSupplier.java:46) ~[spring-core-6.1.3.jar:6.1.3]
	at org.springframework.boot.SpringApplication.withHook(SpringApplication.java:1454) ~[spring-boot-3.2.2.jar:3.2.2]
	at org.springframework.boot.test.context.SpringBootContextLoader$ContextLoaderHook.run(SpringBootContextLoader.java:552) ~[spring-boot-test-3.2.2.jar:3.2.2]
	at org.springframework.boot.test.context.SpringBootContextLoader.loadContext(SpringBootContextLoader.java:137) ~[spring-boot-test-3.2.2.jar:3.2.2]
	at org.springframework.boot.test.context.SpringBootContextLoader.loadContext(SpringBootContextLoader.java:108) ~[spring-boot-test-3.2.2.jar:3.2.2]
	at org.springframework.test.context.cache.DefaultCacheAwareContextLoaderDelegate.loadContextInternal(DefaultCacheAwareContextLoaderDelegate.java:225) ~[spring-test-6.1.3.jar:6.1.3]
	at org.springframework.test.context.cache.DefaultCacheAwareContextLoaderDelegate.loadContext(DefaultCacheAwareContextLoaderDelegate.java:152) ~[spring-test-6.1.3.jar:6.1.3]
	... 73 more
Caused by: org.springframework.beans.factory.NoSuchBeanDefinitionException: No qualifying bean of type 'org.hotel.app.security.CustomAccessDeniedHandler' available: expected at least 1 bean which qualifies as autowire candidate. Dependency annotations: {}
	at org.springframework.beans.factory.support.DefaultListableBeanFactory.raiseNoMatchingBeanFound(DefaultListableBeanFactory.java:1880) ~[spring-beans-6.1.3.jar:6.1.3]
	at org.springframework.beans.factory.support.DefaultListableBeanFactory.doResolveDependency(DefaultListableBeanFactory.java:1406) ~[spring-beans-6.1.3.jar:6.1.3]
	at org.springframework.beans.factory.support.DefaultListableBeanFactory.resolveDependency(DefaultListableBeanFactory.java:1353) ~[spring-beans-6.1.3.jar:6.1.3]
	at org.springframework.beans.factory.support.ConstructorResolver.resolveAutowiredArgument(ConstructorResolver.java:907) ~[spring-beans-6.1.3.jar:6.1.3]
	at org.springframework.beans.factory.support.ConstructorResolver.createArgumentArray(ConstructorResolver.java:785) ~[spring-beans-6.1.3.jar:6.1.3]
	at org.springframework.beans.factory.support.ConstructorResolver.autowireConstructor(ConstructorResolver.java:237) ~[spring-beans-6.1.3.jar:6.1.3]
	at org.springframework.beans.factory.support.AbstractAutowireCapableBeanFactory.autowireConstructor(AbstractAutowireCapableBeanFactory.java:1354) ~[spring-beans-6.1.3.jar:6.1.3]
	at org.springframework.beans.factory.support.AbstractAutowireCapableBeanFactory.createBeanInstance(AbstractAutowireCapableBeanFactory.java:1191) ~[spring-beans-6.1.3.jar:6.1.3]
	at org.springframework.beans.factory.support.AbstractAutowireCapableBeanFactory.doCreateBean(AbstractAutowireCapableBeanFactory.java:561) ~[spring-beans-6.1.3.jar:6.1.3]
	at org.springframework.beans.factory.support.AbstractAutowireCapableBeanFactory.createBean(AbstractAutowireCapableBeanFactory.java:521) ~[spring-beans-6.1.3.jar:6.1.3]
	at org.springframework.beans.factory.support.AbstractBeanFactory.lambda$doGetBean$0(AbstractBeanFactory.java:325) ~[spring-beans-6.1.3.jar:6.1.3]
	at org.springframework.beans.factory.support.DefaultSingletonBeanRegistry.getSingleton(DefaultSingletonBeanRegistry.java:234) ~[spring-beans-6.1.3.jar:6.1.3]
	at org.springframework.beans.factory.support.AbstractBeanFactory.doGetBean(AbstractBeanFactory.java:323) ~[spring-beans-6.1.3.jar:6.1.3]
	at org.springframework.beans.factory.support.AbstractBeanFactory.getBean(AbstractBeanFactory.java:199) ~[spring-beans-6.1.3.jar:6.1.3]
	at org.springframework.beans.factory.support.DefaultListableBeanFactory.getBeansWithAnnotation(DefaultListableBeanFactory.java:713) ~[spring-beans-6.1.3.jar:6.1.3]
	at org.springframework.context.support.AbstractApplicationContext.getBeansWithAnnotation(AbstractApplicationContext.java:1399) ~[spring-context-6.1.3.jar:6.1.3]
	at org.springframework.security.config.annotation.authentication.configuration.AuthenticationConfiguration$EnableGlobalAuthenticationAutowiredConfigurer.init(AuthenticationConfiguration.java:222) ~[spring-security-config-6.2.1.jar:6.2.1]
	at org.springframework.security.config.annotation.authentication.configuration.AuthenticationConfiguration$EnableGlobalAuthenticationAutowiredConfigurer.init(AuthenticationConfiguration.java:209) ~[spring-security-config-6.2.1.jar:6.2.1]
	at org.springframework.security.config.annotation.AbstractConfiguredSecurityBuilder.init(AbstractConfiguredSecurityBuilder.java:365) ~[spring-security-config-6.2.1.jar:6.2.1]
	at org.springframework.security.config.annotation.AbstractConfiguredSecurityBuilder.doBuild(AbstractConfiguredSecurityBuilder.java:327) ~[spring-security-config-6.2.1.jar:6.2.1]
	at org.springframework.security.config.annotation.AbstractSecurityBuilder.build(AbstractSecurityBuilder.java:38) ~[spring-security-config-6.2.1.jar:6.2.1]
	at org.springframework.security.config.annotation.authentication.configuration.AuthenticationConfiguration.getAuthenticationManager(AuthenticationConfiguration.java:121) ~[spring-security-config-6.2.1.jar:6.2.1]
	at org.hotel.app.security.ApplicationConfig.authenticationManager(ApplicationConfig.java:42) ~[classes/:?]
	at org.hotel.app.security.ApplicationConfig$$SpringCGLIB$$0.CGLIB$authenticationManager$1(<generated>) ~[classes/:?]
	at org.hotel.app.security.ApplicationConfig$$SpringCGLIB$$FastClass$$1.invoke(<generated>) ~[classes/:?]
	at org.springframework.cglib.proxy.MethodProxy.invokeSuper(MethodProxy.java:258) ~[spring-core-6.1.3.jar:6.1.3]
	at org.springframework.context.annotation.ConfigurationClassEnhancer$BeanMethodInterceptor.intercept(ConfigurationClassEnhancer.java:331) ~[spring-context-6.1.3.jar:6.1.3]
	at org.hotel.app.security.ApplicationConfig$$SpringCGLIB$$0.authenticationManager(<generated>) ~[classes/:?]
	at java.base/jdk.internal.reflect.NativeMethodAccessorImpl.invoke0(Native Method) ~[?:?]
	at java.base/jdk.internal.reflect.NativeMethodAccessorImpl.invoke(NativeMethodAccessorImpl.java:77) ~[?:?]
	at java.base/jdk.internal.reflect.DelegatingMethodAccessorImpl.invoke(DelegatingMethodAccessorImpl.java:43) ~[?:?]
	at java.base/java.lang.reflect.Method.invoke(Method.java:568) ~[?:?]
	at org.springframework.beans.factory.support.SimpleInstantiationStrategy.instantiate(SimpleInstantiationStrategy.java:140) ~[spring-beans-6.1.3.jar:6.1.3]
	at org.springframework.beans.factory.support.ConstructorResolver.instantiate(ConstructorResolver.java:647) ~[spring-beans-6.1.3.jar:6.1.3]
	at org.springframework.beans.factory.support.ConstructorResolver.instantiateUsingFactoryMethod(ConstructorResolver.java:639) ~[spring-beans-6.1.3.jar:6.1.3]
	at org.springframework.beans.factory.support.AbstractAutowireCapableBeanFactory.instantiateUsingFactoryMethod(AbstractAutowireCapableBeanFactory.java:1334) ~[spring-beans-6.1.3.jar:6.1.3]
	at org.springframework.beans.factory.support.AbstractAutowireCapableBeanFactory.createBeanInstance(AbstractAutowireCapableBeanFactory.java:1164) ~[spring-beans-6.1.3.jar:6.1.3]
	at org.springframework.beans.factory.support.AbstractAutowireCapableBeanFactory.doCreateBean(AbstractAutowireCapableBeanFactory.java:561) ~[spring-beans-6.1.3.jar:6.1.3]
	at org.springframework.beans.factory.support.AbstractAutowireCapableBeanFactory.createBean(AbstractAutowireCapableBeanFactory.java:521) ~[spring-beans-6.1.3.jar:6.1.3]
	at org.springframework.beans.factory.support.AbstractBeanFactory.lambda$doGetBean$0(AbstractBeanFactory.java:325) ~[spring-beans-6.1.3.jar:6.1.3]
	at org.springframework.beans.factory.support.DefaultSingletonBeanRegistry.getSingleton(DefaultSingletonBeanRegistry.java:234) ~[spring-beans-6.1.3.jar:6.1.3]
	at org.springframework.beans.factory.support.AbstractBeanFactory.doGetBean(AbstractBeanFactory.java:323) ~[spring-beans-6.1.3.jar:6.1.3]
	at org.springframework.beans.factory.support.AbstractBeanFactory.getBean(AbstractBeanFactory.java:199) ~[spring-beans-6.1.3.jar:6.1.3]
	at org.springframework.beans.factory.support.DefaultListableBeanFactory.preInstantiateSingletons(DefaultListableBeanFactory.java:975) ~[spring-beans-6.1.3.jar:6.1.3]
	at org.springframework.context.support.AbstractApplicationContext.finishBeanFactoryInitialization(AbstractApplicationContext.java:959) ~[spring-context-6.1.3.jar:6.1.3]
	at org.springframework.context.support.AbstractApplicationContext.refresh(AbstractApplicationContext.java:624) ~[spring-context-6.1.3.jar:6.1.3]
	at org.springframework.boot.SpringApplication.refresh(SpringApplication.java:754) ~[spring-boot-3.2.2.jar:3.2.2]
	at org.springframework.boot.SpringApplication.refreshContext(SpringApplication.java:456) ~[spring-boot-3.2.2.jar:3.2.2]
	at org.springframework.boot.SpringApplication.run(SpringApplication.java:334) ~[spring-boot-3.2.2.jar:3.2.2]
	at org.springframework.boot.test.context.SpringBootContextLoader.lambda$loadContext$3(SpringBootContextLoader.java:137) ~[spring-boot-test-3.2.2.jar:3.2.2]
	at org.springframework.util.function.ThrowingSupplier.get(ThrowingSupplier.java:58) ~[spring-core-6.1.3.jar:6.1.3]
	at org.springframework.util.function.ThrowingSupplier.get(ThrowingSupplier.java:46) ~[spring-core-6.1.3.jar:6.1.3]
	at org.springframework.boot.SpringApplication.withHook(SpringApplication.java:1454) ~[spring-boot-3.2.2.jar:3.2.2]
	at org.springframework.boot.test.context.SpringBootContextLoader$ContextLoaderHook.run(SpringBootContextLoader.java:552) ~[spring-boot-test-3.2.2.jar:3.2.2]
	at org.springframework.boot.test.context.SpringBootContextLoader.loadContext(SpringBootContextLoader.java:137) ~[spring-boot-test-3.2.2.jar:3.2.2]
	at org.springframework.boot.test.context.SpringBootContextLoader.loadContext(SpringBootContextLoader.java:108) ~[spring-boot-test-3.2.2.jar:3.2.2]
	at org.springframework.test.context.cache.DefaultCacheAwareContextLoaderDelegate.loadContextInternal(DefaultCacheAwareContextLoaderDelegate.java:225) ~[spring-test-6.1.3.jar:6.1.3]
	at org.springframework.test.context.cache.DefaultCacheAwareContextLoaderDelegate.loadContext(DefaultCacheAwareContextLoaderDelegate.java:152) ~[spring-test-6.1.3.jar:6.1.3]
	... 73 more
[INFO ] 2026-03-27 17:50:23.622 [main] AnnotationConfigContextLoaderUtils - Could not detect default configuration classes for test class [org.hotel.app.security.AuthentificationControllerTest]: AuthentificationControllerTest does not declare any static, non-private, non-final, nested classes annotated with @Configuration.
[INFO ] 2026-03-27 17:50:23.847 [main] SpringBootTestContextBootstrapper - Found @SpringBootConfiguration org.hotel.app.App for test class org.hotel.app.security.AuthentificationControllerTest
[INFO ] 2026-03-27 17:50:24.421 [main] AuthentificationControllerTest - Starting AuthentificationControllerTest using Java 17.0.12 with PID 3068 (started by Blake in C:\Apps and data\Java projects\HotelSpring\app)
[INFO ] 2026-03-27 17:50:24.429 [main] AuthentificationControllerTest - No active profile set, falling back to 1 default profile: "default"
[INFO ] 2026-03-27 17:50:28.347 [main] DefaultSecurityFilterChain - Will secure any request with [org.springframework.security.web.session.DisableEncodeUrlFilter@cf08c97, org.springframework.security.web.context.request.async.WebAsyncManagerIntegrationFilter@37c87fcc, org.springframework.security.web.context.SecurityContextHolderFilter@3a709cc7, org.springframework.security.web.header.HeaderWriterFilter@62883f8a, org.springframework.web.filter.CorsFilter@ca2be53, org.springframework.security.web.csrf.CsrfFilter@6ae42248, org.springframework.security.web.authentication.logout.LogoutFilter@6ac9b66b, org.springframework.security.web.authentication.UsernamePasswordAuthenticationFilter@38e46765, org.springframework.security.web.authentication.ui.DefaultLoginPageGeneratingFilter@6906be0f, org.springframework.security.web.authentication.ui.DefaultLogoutPageGeneratingFilter@78f5cbc5, org.springframework.security.web.authentication.www.BasicAuthenticationFilter@498e41a4, org.springframework.security.web.savedrequest.RequestCacheAwareFilter@1da5c19d, org.springframework.security.web.servletapi.SecurityContextHolderAwareRequestFilter@3e4f2300, org.springframework.security.web.authentication.AnonymousAuthenticationFilter@70697478, org.springframework.security.web.access.ExceptionTranslationFilter@10d905c1, org.springframework.security.web.access.intercept.AuthorizationFilter@4fc3529]
[INFO ] 2026-03-27 17:50:28.477 [main] SpringBootMockServletContext - Initializing Spring TestDispatcherServlet ''
[INFO ] 2026-03-27 17:50:28.477 [main] TestDispatcherServlet - Initializing Servlet ''
[INFO ] 2026-03-27 17:50:28.480 [main] TestDispatcherServlet - Completed initialization in 1 ms
[INFO ] 2026-03-27 17:50:28.519 [main] AuthentificationControllerTest - Started AuthentificationControllerTest in 4.533 seconds (process running for 6.937)
[INFO ] 2026-03-27 17:53:42.426 [main] AnnotationConfigContextLoaderUtils - Could not detect default configuration classes for test class [org.hotel.app.security.AuthentificationControllerTest]: AuthentificationControllerTest does not declare any static, non-private, non-final, nested classes annotated with @Configuration.
[INFO ] 2026-03-27 17:53:42.657 [main] SpringBootTestContextBootstrapper - Found @SpringBootConfiguration org.hotel.app.App for test class org.hotel.app.security.AuthentificationControllerTest
[INFO ] 2026-03-27 17:53:43.293 [main] AuthentificationControllerTest - Starting AuthentificationControllerTest using Java 17.0.12 with PID 12504 (started by Blake in C:\Apps and data\Java projects\HotelSpring\app)
[INFO ] 2026-03-27 17:53:43.298 [main] AuthentificationControllerTest - No active profile set, falling back to 1 default profile: "default"
[INFO ] 2026-03-27 17:53:47.148 [main] DefaultSecurityFilterChain - Will secure any request with [org.springframework.security.web.session.DisableEncodeUrlFilter@37c87fcc, org.springframework.security.web.context.request.async.WebAsyncManagerIntegrationFilter@ca2be53, org.springframework.security.web.context.SecurityContextHolderFilter@19a7906c, org.springframework.security.web.header.HeaderWriterFilter@36665c11, org.springframework.web.filter.CorsFilter@78f5cbc5, org.springframework.security.web.csrf.CsrfFilter@40c28b0d, org.springframework.security.web.authentication.logout.LogoutFilter@4491eaeb, org.springframework.security.web.authentication.UsernamePasswordAuthenticationFilter@192f5f39, org.springframework.security.web.authentication.ui.DefaultLoginPageGeneratingFilter@7a62d697, org.springframework.security.web.authentication.ui.DefaultLogoutPageGeneratingFilter@70697478, org.springframework.security.web.authentication.www.BasicAuthenticationFilter@be616f0, org.springframework.security.web.savedrequest.RequestCacheAwareFilter@3e4f2300, org.springframework.security.web.servletapi.SecurityContextHolderAwareRequestFilter@e706aa, org.springframework.security.web.authentication.AnonymousAuthenticationFilter@42b43a6, org.springframework.security.web.access.ExceptionTranslationFilter@e4b54d3, org.springframework.security.web.access.intercept.AuthorizationFilter@38e46765]
[INFO ] 2026-03-27 17:53:47.261 [main] SpringBootMockServletContext - Initializing Spring TestDispatcherServlet ''
[INFO ] 2026-03-27 17:53:47.262 [main] TestDispatcherServlet - Initializing Servlet ''
[INFO ] 2026-03-27 17:53:47.264 [main] TestDispatcherServlet - Completed initialization in 2 ms
[INFO ] 2026-03-27 17:53:47.301 [main] AuthentificationControllerTest - Started AuthentificationControllerTest in 4.478 seconds (process running for 6.842)
[INFO ] 2026-03-27 17:55:57.457 [main] AnnotationConfigContextLoaderUtils - Could not detect default configuration classes for test class [org.hotel.app.security.AuthentificationControllerTest]: AuthentificationControllerTest does not declare any static, non-private, non-final, nested classes annotated with @Configuration.
[INFO ] 2026-03-27 17:55:57.690 [main] SpringBootTestContextBootstrapper - Found @SpringBootConfiguration org.hotel.app.App for test class org.hotel.app.security.AuthentificationControllerTest
[INFO ] 2026-03-27 17:55:58.291 [main] AuthentificationControllerTest - Starting AuthentificationControllerTest using Java 17.0.12 with PID 12108 (started by Blake in C:\Apps and data\Java projects\HotelSpring\app)
[INFO ] 2026-03-27 17:55:58.304 [main] AuthentificationControllerTest - No active profile set, falling back to 1 default profile: "default"
[INFO ] 2026-03-27 17:56:02.143 [main] DefaultSecurityFilterChain - Will secure any request with [org.springframework.security.web.session.DisableEncodeUrlFilter@22c29aa8, org.springframework.security.web.context.request.async.WebAsyncManagerIntegrationFilter@129b69b2, org.springframework.security.web.context.SecurityContextHolderFilter@edbc2bf, org.springframework.security.web.header.HeaderWriterFilter@516c20de, org.springframework.web.filter.CorsFilter@12be4f83, org.springframework.security.web.csrf.CsrfFilter@5bde6148, org.springframework.security.web.authentication.logout.LogoutFilter@40738846, org.springframework.security.web.authentication.UsernamePasswordAuthenticationFilter@498e41a4, org.springframework.security.web.authentication.ui.DefaultLoginPageGeneratingFilter@74830d73, org.springframework.security.web.authentication.ui.DefaultLogoutPageGeneratingFilter@eb1d475, org.springframework.security.web.authentication.www.BasicAuthenticationFilter@4b9f7edc, org.springframework.security.web.savedrequest.RequestCacheAwareFilter@62ab5e63, org.springframework.security.web.servletapi.SecurityContextHolderAwareRequestFilter@e91facf, org.springframework.security.web.authentication.AnonymousAuthenticationFilter@389008d1, org.springframework.security.web.access.ExceptionTranslationFilter@25e6c22a, org.springframework.security.web.access.intercept.AuthorizationFilter@7c8df667]
[INFO ] 2026-03-27 17:56:02.264 [main] SpringBootMockServletContext - Initializing Spring TestDispatcherServlet ''
[INFO ] 2026-03-27 17:56:02.264 [main] TestDispatcherServlet - Initializing Servlet ''
[INFO ] 2026-03-27 17:56:02.266 [main] TestDispatcherServlet - Completed initialization in 2 ms
[INFO ] 2026-03-27 17:56:02.304 [main] AuthentificationControllerTest - Started AuthentificationControllerTest in 4.455 seconds (process running for 6.811)
[INFO ] 2026-03-27 17:57:27.128 [main] AnnotationConfigContextLoaderUtils - Could not detect default configuration classes for test class [org.hotel.app.security.AuthentificationControllerTest]: AuthentificationControllerTest does not declare any static, non-private, non-final, nested classes annotated with @Configuration.
[INFO ] 2026-03-27 17:57:27.351 [main] SpringBootTestContextBootstrapper - Found @SpringBootConfiguration org.hotel.app.App for test class org.hotel.app.security.AuthentificationControllerTest
[INFO ] 2026-03-27 17:57:27.971 [main] AuthentificationControllerTest - Starting AuthentificationControllerTest using Java 17.0.12 with PID 2572 (started by Blake in C:\Apps and data\Java projects\HotelSpring\app)
[INFO ] 2026-03-27 17:57:27.979 [main] AuthentificationControllerTest - No active profile set, falling back to 1 default profile: "default"
[INFO ] 2026-03-27 17:57:31.629 [main] DefaultSecurityFilterChain - Will secure any request with [org.springframework.security.web.session.DisableEncodeUrlFilter@351ede23, org.springframework.security.web.context.request.async.WebAsyncManagerIntegrationFilter@5604b85, org.springframework.security.web.context.SecurityContextHolderFilter@846b47, org.springframework.security.web.header.HeaderWriterFilter@70f98f7a, org.springframework.web.filter.CorsFilter@5df7a065, org.springframework.security.web.csrf.CsrfFilter@4b9f7edc, org.springframework.security.web.authentication.logout.LogoutFilter@4ef8090b, org.springframework.security.web.authentication.UsernamePasswordAuthenticationFilter@537b3be1, org.springframework.security.web.authentication.ui.DefaultLoginPageGeneratingFilter@50785f86, org.springframework.security.web.authentication.ui.DefaultLogoutPageGeneratingFilter@3f45dfec, org.springframework.security.web.authentication.www.BasicAuthenticationFilter@30a01dd8, org.springframework.security.web.savedrequest.RequestCacheAwareFilter@3e6acec2, org.springframework.security.web.servletapi.SecurityContextHolderAwareRequestFilter@3d764641, org.springframework.security.web.authentication.AnonymousAuthenticationFilter@7c69e1e1, org.springframework.security.web.access.ExceptionTranslationFilter@3a7469ca, org.springframework.security.web.access.intercept.AuthorizationFilter@8d810f2]
[INFO ] 2026-03-27 17:57:31.730 [main] SpringBootMockServletContext - Initializing Spring TestDispatcherServlet ''
[INFO ] 2026-03-27 17:57:31.730 [main] TestDispatcherServlet - Initializing Servlet ''
[INFO ] 2026-03-27 17:57:31.732 [main] TestDispatcherServlet - Completed initialization in 1 ms
[INFO ] 2026-03-27 17:57:31.778 [main] AuthentificationControllerTest - Started AuthentificationControllerTest in 4.278 seconds (process running for 6.579)
[INFO ] 2026-03-27 18:01:13.663 [main] AnnotationConfigContextLoaderUtils - Could not detect default configuration classes for test class [org.hotel.app.security.AuthentificationControllerTest]: AuthentificationControllerTest does not declare any static, non-private, non-final, nested classes annotated with @Configuration.
[INFO ] 2026-03-27 18:01:13.903 [main] SpringBootTestContextBootstrapper - Found @SpringBootConfiguration org.hotel.app.App for test class org.hotel.app.security.AuthentificationControllerTest
[INFO ] 2026-03-27 18:01:14.530 [main] AuthentificationControllerTest - Starting AuthentificationControllerTest using Java 17.0.12 with PID 11032 (started by Blake in C:\Apps and data\Java projects\HotelSpring\app)
[INFO ] 2026-03-27 18:01:14.538 [main] AuthentificationControllerTest - No active profile set, falling back to 1 default profile: "default"
[INFO ] 2026-03-27 18:01:18.322 [main] DefaultSecurityFilterChain - Will secure any request with [org.springframework.security.web.session.DisableEncodeUrlFilter@1f68e4e8, org.springframework.security.web.context.request.async.WebAsyncManagerIntegrationFilter@47b4ac83, org.springframework.security.web.context.SecurityContextHolderFilter@713e7d9a, org.springframework.security.web.header.HeaderWriterFilter@3a7469ca, org.springframework.web.filter.CorsFilter@351ede23, org.springframework.security.web.csrf.CsrfFilter@42b43a6, org.springframework.security.web.authentication.logout.LogoutFilter@18cbc3c2, org.springframework.security.web.authentication.UsernamePasswordAuthenticationFilter@114b203, org.springframework.security.web.authentication.ui.DefaultLoginPageGeneratingFilter@1f1fbc9f, org.springframework.security.web.authentication.ui.DefaultLogoutPageGeneratingFilter@5604b85, org.springframework.security.web.authentication.www.BasicAuthenticationFilter@283e1759, org.springframework.security.web.savedrequest.RequestCacheAwareFilter@846b47, org.springframework.security.web.servletapi.SecurityContextHolderAwareRequestFilter@3c3ab672, org.springframework.security.web.authentication.AnonymousAuthenticationFilter@5df7a065, org.springframework.security.web.access.ExceptionTranslationFilter@17df689e, org.springframework.security.web.access.intercept.AuthorizationFilter@380fdcf2]
[INFO ] 2026-03-27 18:01:18.449 [main] SpringBootMockServletContext - Initializing Spring TestDispatcherServlet ''
[INFO ] 2026-03-27 18:01:18.449 [main] TestDispatcherServlet - Initializing Servlet ''
[INFO ] 2026-03-27 18:01:18.452 [main] TestDispatcherServlet - Completed initialization in 3 ms
[INFO ] 2026-03-27 18:01:18.511 [main] AuthentificationControllerTest - Started AuthentificationControllerTest in 4.443 seconds (process running for 6.917)
[INFO ] 2026-03-27 18:02:52.076 [main] AnnotationConfigContextLoaderUtils - Could not detect default configuration classes for test class [org.hotel.app.security.AuthentificationControllerTest]: AuthentificationControllerTest does not declare any static, non-private, non-final, nested classes annotated with @Configuration.
[INFO ] 2026-03-27 18:02:52.332 [main] SpringBootTestContextBootstrapper - Found @SpringBootConfiguration org.hotel.app.App for test class org.hotel.app.security.AuthentificationControllerTest
[INFO ] 2026-03-27 18:02:52.949 [main] AuthentificationControllerTest - Starting AuthentificationControllerTest using Java 17.0.12 with PID 7900 (started by Blake in C:\Apps and data\Java projects\HotelSpring\app)
[INFO ] 2026-03-27 18:02:52.954 [main] AuthentificationControllerTest - No active profile set, falling back to 1 default profile: "default"
[INFO ] 2026-03-27 18:02:56.922 [main] DefaultSecurityFilterChain - Will secure any request with [org.springframework.security.web.session.DisableEncodeUrlFilter@283e1759, org.springframework.security.web.context.request.async.WebAsyncManagerIntegrationFilter@2acb1264, org.springframework.security.web.context.SecurityContextHolderFilter@3a7469ca, org.springframework.security.web.header.HeaderWriterFilter@32328dc4, org.springframework.web.filter.CorsFilter@30a01dd8, org.springframework.security.web.csrf.CsrfFilter@ca2be53, org.springframework.security.web.authentication.logout.LogoutFilter@17053b5, org.springframework.security.web.authentication.UsernamePasswordAuthenticationFilter@6b7c4734, org.springframework.security.web.authentication.ui.DefaultLoginPageGeneratingFilter@3d764641, org.springframework.security.web.authentication.ui.DefaultLogoutPageGeneratingFilter@1f68e4e8, org.springframework.security.web.authentication.www.BasicAuthenticationFilter@4a890fdd, org.springframework.security.web.savedrequest.RequestCacheAwareFilter@70f98f7a, org.springframework.security.web.servletapi.SecurityContextHolderAwareRequestFilter@713e7d9a, org.springframework.security.web.authentication.AnonymousAuthenticationFilter@47b4ac83, org.springframework.security.web.access.ExceptionTranslationFilter@2152fde5, org.springframework.security.web.access.intercept.AuthorizationFilter@45bf93bb]
[INFO ] 2026-03-27 18:02:57.035 [main] SpringBootMockServletContext - Initializing Spring TestDispatcherServlet ''
[INFO ] 2026-03-27 18:02:57.035 [main] TestDispatcherServlet - Initializing Servlet ''
[INFO ] 2026-03-27 18:02:57.038 [main] TestDispatcherServlet - Completed initialization in 3 ms
[INFO ] 2026-03-27 18:02:57.089 [main] AuthentificationControllerTest - Started AuthentificationControllerTest in 4.593 seconds (process running for 7.02)
[INFO ] 2026-03-27 18:03:28.296 [main] AnnotationConfigContextLoaderUtils - Could not detect default configuration classes for test class [org.hotel.app.security.AuthentificationControllerTest]: AuthentificationControllerTest does not declare any static, non-private, non-final, nested classes annotated with @Configuration.
[INFO ] 2026-03-27 18:03:28.522 [main] SpringBootTestContextBootstrapper - Found @SpringBootConfiguration org.hotel.app.App for test class org.hotel.app.security.AuthentificationControllerTest
[INFO ] 2026-03-27 18:03:29.121 [main] AuthentificationControllerTest - Starting AuthentificationControllerTest using Java 17.0.12 with PID 19084 (started by Blake in C:\Apps and data\Java projects\HotelSpring\app)
[INFO ] 2026-03-27 18:03:29.132 [main] AuthentificationControllerTest - No active profile set, falling back to 1 default profile: "default"
[INFO ] 2026-03-27 18:03:33.046 [main] DefaultSecurityFilterChain - Will secure any request with [org.springframework.security.web.session.DisableEncodeUrlFilter@2acb1264, org.springframework.security.web.context.request.async.WebAsyncManagerIntegrationFilter@30a01dd8, org.springframework.security.web.context.SecurityContextHolderFilter@1c8e8fed, org.springframework.security.web.header.HeaderWriterFilter@17df689e, org.springframework.web.filter.CorsFilter@1f68e4e8, org.springframework.security.web.csrf.CsrfFilter@78f5cbc5, org.springframework.security.web.authentication.logout.LogoutFilter@3cad24ae, org.springframework.security.web.authentication.UsernamePasswordAuthenticationFilter@2f6e92ca, org.springframework.security.web.authentication.ui.DefaultLoginPageGeneratingFilter@1e8bccfb, org.springframework.security.web.authentication.ui.DefaultLogoutPageGeneratingFilter@47b4ac83, org.springframework.security.web.authentication.www.BasicAuthenticationFilter@56299b0e, org.springframework.security.web.savedrequest.RequestCacheAwareFilter@713e7d9a, org.springframework.security.web.servletapi.SecurityContextHolderAwareRequestFilter@681d704e, org.springframework.security.web.authentication.AnonymousAuthenticationFilter@351ede23, org.springframework.security.web.access.ExceptionTranslationFilter@5d58dc61, org.springframework.security.web.access.intercept.AuthorizationFilter@6b7c4734]
[INFO ] 2026-03-27 18:03:33.151 [main] SpringBootMockServletContext - Initializing Spring TestDispatcherServlet ''
[INFO ] 2026-03-27 18:03:33.151 [main] TestDispatcherServlet - Initializing Servlet ''
[INFO ] 2026-03-27 18:03:33.155 [main] TestDispatcherServlet - Completed initialization in 4 ms
[INFO ] 2026-03-27 18:03:33.205 [main] AuthentificationControllerTest - Started AuthentificationControllerTest in 4.524 seconds (process running for 6.877)
[INFO ] 2026-03-27 18:04:26.541 [main] AnnotationConfigContextLoaderUtils - Could not detect default configuration classes for test class [org.hotel.app.security.AuthentificationControllerTest]: AuthentificationControllerTest does not declare any static, non-private, non-final, nested classes annotated with @Configuration.
[INFO ] 2026-03-27 18:04:26.769 [main] SpringBootTestContextBootstrapper - Found @SpringBootConfiguration org.hotel.app.App for test class org.hotel.app.security.AuthentificationControllerTest
[INFO ] 2026-03-27 18:04:27.355 [main] AuthentificationControllerTest - Starting AuthentificationControllerTest using Java 17.0.12 with PID 13112 (started by Blake in C:\Apps and data\Java projects\HotelSpring\app)
[INFO ] 2026-03-27 18:04:27.363 [main] AuthentificationControllerTest - No active profile set, falling back to 1 default profile: "default"
[INFO ] 2026-03-27 18:04:31.290 [main] DefaultSecurityFilterChain - Will secure any request with [org.springframework.security.web.session.DisableEncodeUrlFilter@30a01dd8, org.springframework.security.web.context.request.async.WebAsyncManagerIntegrationFilter@1f68e4e8, org.springframework.security.web.context.SecurityContextHolderFilter@70f98f7a, org.springframework.security.web.header.HeaderWriterFilter@21540255, org.springframework.web.filter.CorsFilter@47b4ac83, org.springframework.security.web.csrf.CsrfFilter@70697478, org.springframework.security.web.authentication.logout.LogoutFilter@58021c3c, org.springframework.security.web.authentication.UsernamePasswordAuthenticationFilter@380fdcf2, org.springframework.security.web.authentication.ui.DefaultLoginPageGeneratingFilter@77eb607e, org.springframework.security.web.authentication.ui.DefaultLogoutPageGeneratingFilter@351ede23, org.springframework.security.web.authentication.www.BasicAuthenticationFilter@3ca278bc, org.springframework.security.web.savedrequest.RequestCacheAwareFilter@681d704e, org.springframework.security.web.servletapi.SecurityContextHolderAwareRequestFilter@846b47, org.springframework.security.web.authentication.AnonymousAuthenticationFilter@5604b85, org.springframework.security.web.access.ExceptionTranslationFilter@32328dc4, org.springframework.security.web.access.intercept.AuthorizationFilter@2f6e92ca]
[INFO ] 2026-03-27 18:04:31.418 [main] SpringBootMockServletContext - Initializing Spring TestDispatcherServlet ''
[INFO ] 2026-03-27 18:04:31.419 [main] TestDispatcherServlet - Initializing Servlet ''
[INFO ] 2026-03-27 18:04:31.422 [main] TestDispatcherServlet - Completed initialization in 2 ms
[INFO ] 2026-03-27 18:04:31.481 [main] AuthentificationControllerTest - Started AuthentificationControllerTest in 4.556 seconds (process running for 6.882)
[INFO ] 2026-03-27 18:05:37.770 [main] AnnotationConfigContextLoaderUtils - Could not detect default configuration classes for test class [org.hotel.app.security.AuthentificationControllerTest]: AuthentificationControllerTest does not declare any static, non-private, non-final, nested classes annotated with @Configuration.
[INFO ] 2026-03-27 18:05:37.991 [main] SpringBootTestContextBootstrapper - Found @SpringBootConfiguration org.hotel.app.App for test class org.hotel.app.security.AuthentificationControllerTest
[INFO ] 2026-03-27 18:05:38.570 [main] AuthentificationControllerTest - Starting AuthentificationControllerTest using Java 17.0.12 with PID 3856 (started by Blake in C:\Apps and data\Java projects\HotelSpring\app)
[INFO ] 2026-03-27 18:05:38.575 [main] AuthentificationControllerTest - No active profile set, falling back to 1 default profile: "default"
[INFO ] 2026-03-27 18:05:42.557 [main] DefaultSecurityFilterChain - Will secure any request with [org.springframework.security.web.session.DisableEncodeUrlFilter@47b4ac83, org.springframework.security.web.context.request.async.WebAsyncManagerIntegrationFilter@351ede23, org.springframework.security.web.context.SecurityContextHolderFilter@681d704e, org.springframework.security.web.header.HeaderWriterFilter@1c8e8fed, org.springframework.web.filter.CorsFilter@5604b85, org.springframework.security.web.csrf.CsrfFilter@1d622556, org.springframework.security.web.authentication.logout.LogoutFilter@1b25d695, org.springframework.security.web.authentication.UsernamePasswordAuthenticationFilter@8d810f2, org.springframework.security.web.authentication.ui.DefaultLoginPageGeneratingFilter@10d4b573, org.springframework.security.web.authentication.ui.DefaultLogoutPageGeneratingFilter@5df7a065, org.springframework.security.web.authentication.www.BasicAuthenticationFilter@2acb1264, org.springframework.security.web.savedrequest.RequestCacheAwareFilter@3c3ab672, org.springframework.security.web.servletapi.SecurityContextHolderAwareRequestFilter@3e6acec2, org.springframework.security.web.authentication.AnonymousAuthenticationFilter@3f45dfec, org.springframework.security.web.access.ExceptionTranslationFilter@21540255, org.springframework.security.web.access.intercept.AuthorizationFilter@114b203]
[INFO ] 2026-03-27 18:05:42.670 [main] SpringBootMockServletContext - Initializing Spring TestDispatcherServlet ''
[INFO ] 2026-03-27 18:05:42.671 [main] TestDispatcherServlet - Initializing Servlet ''
[INFO ] 2026-03-27 18:05:42.674 [main] TestDispatcherServlet - Completed initialization in 3 ms
[INFO ] 2026-03-27 18:05:42.726 [main] AuthentificationControllerTest - Started AuthentificationControllerTest in 4.576 seconds (process running for 6.952)
[INFO ] 2026-03-27 18:06:29.957 [main] AnnotationConfigContextLoaderUtils - Could not detect default configuration classes for test class [org.hotel.app.security.AuthentificationControllerTest]: AuthentificationControllerTest does not declare any static, non-private, non-final, nested classes annotated with @Configuration.
[INFO ] 2026-03-27 18:06:30.186 [main] SpringBootTestContextBootstrapper - Found @SpringBootConfiguration org.hotel.app.App for test class org.hotel.app.security.AuthentificationControllerTest
[INFO ] 2026-03-27 18:06:30.755 [main] AuthentificationControllerTest - Starting AuthentificationControllerTest using Java 17.0.12 with PID 4136 (started by Blake in C:\Apps and data\Java projects\HotelSpring\app)
[INFO ] 2026-03-27 18:06:30.762 [main] AuthentificationControllerTest - No active profile set, falling back to 1 default profile: "default"
[INFO ] 2026-03-27 18:06:34.684 [main] DefaultSecurityFilterChain - Will secure any request with [org.springframework.security.web.session.DisableEncodeUrlFilter@351ede23, org.springframework.security.web.context.request.async.WebAsyncManagerIntegrationFilter@5604b85, org.springframework.security.web.context.SecurityContextHolderFilter@846b47, org.springframework.security.web.header.HeaderWriterFilter@70f98f7a, org.springframework.web.filter.CorsFilter@5df7a065, org.springframework.security.web.csrf.CsrfFilter@4b9f7edc, org.springframework.security.web.authentication.logout.LogoutFilter@4ef8090b, org.springframework.security.web.authentication.UsernamePasswordAuthenticationFilter@537b3be1, org.springframework.security.web.authentication.ui.DefaultLoginPageGeneratingFilter@50785f86, org.springframework.security.web.authentication.ui.DefaultLogoutPageGeneratingFilter@3f45dfec, org.springframework.security.web.authentication.www.BasicAuthenticationFilter@30a01dd8, org.springframework.security.web.savedrequest.RequestCacheAwareFilter@3e6acec2, org.springframework.security.web.servletapi.SecurityContextHolderAwareRequestFilter@3d764641, org.springframework.security.web.authentication.AnonymousAuthenticationFilter@7c69e1e1, org.springframework.security.web.access.ExceptionTranslationFilter@3a7469ca, org.springframework.security.web.access.intercept.AuthorizationFilter@8d810f2]
[INFO ] 2026-03-27 18:06:34.777 [main] SpringBootMockServletContext - Initializing Spring TestDispatcherServlet ''
[INFO ] 2026-03-27 18:06:34.777 [main] TestDispatcherServlet - Initializing Servlet ''
[INFO ] 2026-03-27 18:06:34.780 [main] TestDispatcherServlet - Completed initialization in 3 ms
[INFO ] 2026-03-27 18:06:34.830 [main] AuthentificationControllerTest - Started AuthentificationControllerTest in 4.501 seconds (process running for 6.88)
[INFO ] 2026-03-27 18:19:11.646 [main] AnnotationConfigContextLoaderUtils - Could not detect default configuration classes for test class [org.hotel.app.security.AuthentificationControllerTest]: AuthentificationControllerTest does not declare any static, non-private, non-final, nested classes annotated with @Configuration.
[INFO ] 2026-03-27 18:19:11.872 [main] SpringBootTestContextBootstrapper - Found @SpringBootConfiguration org.hotel.app.App for test class org.hotel.app.security.AuthentificationControllerTest
[INFO ] 2026-03-27 18:19:12.469 [main] AuthentificationControllerTest - Starting AuthentificationControllerTest using Java 17.0.12 with PID 19340 (started by Blake in C:\Apps and data\Java projects\HotelSpring\app)
[INFO ] 2026-03-27 18:19:12.476 [main] AuthentificationControllerTest - No active profile set, falling back to 1 default profile: "default"
[INFO ] 2026-03-27 18:19:16.340 [main] DefaultSecurityFilterChain - Will secure any request with [org.springframework.security.web.session.DisableEncodeUrlFilter@1f68e4e8, org.springframework.security.web.context.request.async.WebAsyncManagerIntegrationFilter@47b4ac83, org.springframework.security.web.context.SecurityContextHolderFilter@713e7d9a, org.springframework.security.web.header.HeaderWriterFilter@3a7469ca, org.springframework.web.filter.CorsFilter@351ede23, org.springframework.security.web.csrf.CsrfFilter@42b43a6, org.springframework.security.web.authentication.logout.LogoutFilter@18cbc3c2, org.springframework.security.web.authentication.UsernamePasswordAuthenticationFilter@114b203, org.springframework.security.web.authentication.ui.DefaultLoginPageGeneratingFilter@1f1fbc9f, org.springframework.security.web.authentication.ui.DefaultLogoutPageGeneratingFilter@5604b85, org.springframework.security.web.authentication.www.BasicAuthenticationFilter@283e1759, org.springframework.security.web.savedrequest.RequestCacheAwareFilter@846b47, org.springframework.security.web.servletapi.SecurityContextHolderAwareRequestFilter@3c3ab672, org.springframework.security.web.authentication.AnonymousAuthenticationFilter@5df7a065, org.springframework.security.web.access.ExceptionTranslationFilter@17df689e, org.springframework.security.web.access.intercept.AuthorizationFilter@380fdcf2]
[INFO ] 2026-03-27 18:19:16.443 [main] SpringBootMockServletContext - Initializing Spring TestDispatcherServlet ''
[INFO ] 2026-03-27 18:19:16.443 [main] TestDispatcherServlet - Initializing Servlet ''
[INFO ] 2026-03-27 18:19:16.446 [main] TestDispatcherServlet - Completed initialization in 3 ms
[INFO ] 2026-03-27 18:19:16.501 [main] AuthentificationControllerTest - Started AuthentificationControllerTest in 4.464 seconds (process running for 6.863)
[INFO ] 2026-03-27 18:48:45.543 [main] AnnotationConfigContextLoaderUtils - Could not detect default configuration classes for test class [org.hotel.app.security.AuthentificationControllerTest]: AuthentificationControllerTest does not declare any static, non-private, non-final, nested classes annotated with @Configuration.
[INFO ] 2026-03-27 18:48:45.764 [main] SpringBootTestContextBootstrapper - Found @SpringBootConfiguration org.hotel.app.App for test class org.hotel.app.security.AuthentificationControllerTest
[INFO ] 2026-03-27 18:48:46.284 [main] AuthentificationControllerTest - Starting AuthentificationControllerTest using Java 17.0.12 with PID 8480 (started by Blake in C:\Apps and data\Java projects\HotelSpring\app)
[INFO ] 2026-03-27 18:48:46.289 [main] AuthentificationControllerTest - No active profile set, falling back to 1 default profile: "default"
[INFO ] 2026-03-27 18:48:48.252 [main] DefaultSecurityFilterChain - Will secure any request with [org.springframework.security.web.session.DisableEncodeUrlFilter@3cb49121, org.springframework.security.web.context.request.async.WebAsyncManagerIntegrationFilter@227b9277, org.springframework.security.web.context.SecurityContextHolderFilter@30665461, org.springframework.security.web.header.HeaderWriterFilter@33f2eb04, org.springframework.web.filter.CorsFilter@4c4215d7, org.springframework.security.web.csrf.CsrfFilter@2d3c501b, org.springframework.security.web.authentication.logout.LogoutFilter@41b66d1, org.springframework.security.web.authentication.UsernamePasswordAuthenticationFilter@70f91ae3, org.springframework.security.web.authentication.ui.DefaultLoginPageGeneratingFilter@673a9db4, org.springframework.security.web.authentication.ui.DefaultLogoutPageGeneratingFilter@b56d8a7, org.springframework.security.web.authentication.www.BasicAuthenticationFilter@55397d15, org.springframework.security.web.savedrequest.RequestCacheAwareFilter@50b38342, org.springframework.security.web.servletapi.SecurityContextHolderAwareRequestFilter@424a152f, org.springframework.security.web.authentication.AnonymousAuthenticationFilter@13f36d75, org.springframework.security.web.access.ExceptionTranslationFilter@4d75c604, org.springframework.security.web.access.intercept.AuthorizationFilter@4b7e4d14]
[INFO ] 2026-03-27 18:48:48.314 [main] SpringBootMockServletContext - Initializing Spring TestDispatcherServlet ''
[INFO ] 2026-03-27 18:48:48.314 [main] TestDispatcherServlet - Initializing Servlet ''
[INFO ] 2026-03-27 18:48:48.316 [main] TestDispatcherServlet - Completed initialization in 2 ms
[INFO ] 2026-03-27 18:48:48.356 [main] AuthentificationControllerTest - Started AuthentificationControllerTest in 2.487 seconds (process running for 6.721)
[INFO ] 2026-03-30 15:53:42.844 [main] AnnotationConfigContextLoaderUtils - Could not detect default configuration classes for test class [org.hotel.app.security.AuthentificationControllerTest]: AuthentificationControllerTest does not declare any static, non-private, non-final, nested classes annotated with @Configuration.
[INFO ] 2026-03-30 15:53:43.089 [main] SpringBootTestContextBootstrapper - Found @SpringBootConfiguration org.hotel.app.App for test class org.hotel.app.security.AuthentificationControllerTest
[INFO ] 2026-03-30 15:53:43.788 [main] AuthentificationControllerTest - Starting AuthentificationControllerTest using Java 17.0.12 with PID 7824 (started by Blake in C:\Apps and data\Java projects\HotelSpring\app)
[INFO ] 2026-03-30 15:53:43.794 [main] AuthentificationControllerTest - No active profile set, falling back to 1 default profile: "default"
[INFO ] 2026-03-30 15:53:49.078 [main] DefaultSecurityFilterChain - Will secure any request with [org.springframework.security.web.session.DisableEncodeUrlFilter@5477d90e, org.springframework.security.web.context.request.async.WebAsyncManagerIntegrationFilter@6dc9a56e, org.springframework.security.web.context.SecurityContextHolderFilter@4392362c, org.springframework.security.web.header.HeaderWriterFilter@39f93225, org.springframework.web.filter.CorsFilter@287ad0da, org.springframework.security.web.csrf.CsrfFilter@17df689e, org.springframework.security.web.authentication.logout.LogoutFilter@537b3be1, org.springframework.security.web.authentication.UsernamePasswordAuthenticationFilter@5df7a065, org.springframework.security.web.authentication.ui.DefaultLoginPageGeneratingFilter@58021c3c, org.springframework.security.web.authentication.ui.DefaultLogoutPageGeneratingFilter@1b19712f, org.springframework.security.web.authentication.www.BasicAuthenticationFilter@654b899f, org.springframework.security.web.savedrequest.RequestCacheAwareFilter@839755f, org.springframework.security.web.servletapi.SecurityContextHolderAwareRequestFilter@71d99732, org.springframework.security.web.authentication.AnonymousAuthenticationFilter@714c74eb, org.springframework.security.web.access.ExceptionTranslationFilter@1e258d3b, org.springframework.security.web.access.intercept.AuthorizationFilter@5604b85]
[INFO ] 2026-03-30 15:53:49.241 [main] SpringBootMockServletContext - Initializing Spring TestDispatcherServlet ''
[INFO ] 2026-03-30 15:53:49.241 [main] TestDispatcherServlet - Initializing Servlet ''
[INFO ] 2026-03-30 15:53:49.249 [main] TestDispatcherServlet - Completed initialization in 7 ms
[INFO ] 2026-03-30 15:53:49.350 [main] AuthentificationControllerTest - Started AuthentificationControllerTest in 6.074 seconds (process running for 8.686)
[INFO ] 2026-03-30 15:53:55.137 [main] AnnotationConfigContextLoaderUtils - Could not detect default configuration classes for test class [org.hotel.app.security.AuthentificationControllerTest]: AuthentificationControllerTest does not declare any static, non-private, non-final, nested classes annotated with @Configuration.
[INFO ] 2026-03-30 15:53:55.377 [main] SpringBootTestContextBootstrapper - Found @SpringBootConfiguration org.hotel.app.App for test class org.hotel.app.security.AuthentificationControllerTest
[INFO ] 2026-03-30 15:53:56.066 [main] AuthentificationControllerTest - Starting AuthentificationControllerTest using Java 17.0.12 with PID 5988 (started by Blake in C:\Apps and data\Java projects\HotelSpring\app)
[INFO ] 2026-03-30 15:53:56.072 [main] AuthentificationControllerTest - No active profile set, falling back to 1 default profile: "default"
[INFO ] 2026-03-30 15:54:01.881 [main] DefaultSecurityFilterChain - Will secure any request with [org.springframework.security.web.session.DisableEncodeUrlFilter@287ad0da, org.springframework.security.web.context.request.async.WebAsyncManagerIntegrationFilter@1b19712f, org.springframework.security.web.context.SecurityContextHolderFilter@839755f, org.springframework.security.web.header.HeaderWriterFilter@164dea80, org.springframework.web.filter.CorsFilter@714c74eb, org.springframework.security.web.csrf.CsrfFilter@3a7469ca, org.springframework.security.web.authentication.logout.LogoutFilter@31f5b923, org.springframework.security.web.authentication.UsernamePasswordAuthenticationFilter@7c69e1e1, org.springframework.security.web.authentication.ui.DefaultLoginPageGeneratingFilter@1b25d695, org.springframework.security.web.authentication.ui.DefaultLogoutPageGeneratingFilter@510e4d79, org.springframework.security.web.authentication.www.BasicAuthenticationFilter@13f4048e, org.springframework.security.web.savedrequest.RequestCacheAwareFilter@2328ec73, org.springframework.security.web.servletapi.SecurityContextHolderAwareRequestFilter@42a05533, org.springframework.security.web.authentication.AnonymousAuthenticationFilter@2f0cab82, org.springframework.security.web.access.ExceptionTranslationFilter@39f93225, org.springframework.security.web.access.intercept.AuthorizationFilter@3f45dfec]
[INFO ] 2026-03-30 15:54:02.028 [main] SpringBootMockServletContext - Initializing Spring TestDispatcherServlet ''
[INFO ] 2026-03-30 15:54:02.028 [main] TestDispatcherServlet - Initializing Servlet ''
[INFO ] 2026-03-30 15:54:02.033 [main] TestDispatcherServlet - Completed initialization in 4 ms
[INFO ] 2026-03-30 15:54:02.139 [main] AuthentificationControllerTest - Started AuthentificationControllerTest in 6.589 seconds (process running for 9.308)
[INFO ] 2026-03-30 16:06:33.495 [main] AnnotationConfigContextLoaderUtils - Could not detect default configuration classes for test class [org.hotel.app.security.AuthentificationControllerTest]: AuthentificationControllerTest does not declare any static, non-private, non-final, nested classes annotated with @Configuration.
[INFO ] 2026-03-30 16:06:33.701 [main] SpringBootTestContextBootstrapper - Found @SpringBootConfiguration org.hotel.app.App for test class org.hotel.app.security.AuthentificationControllerTest
[INFO ] 2026-03-30 16:06:34.228 [main] AuthentificationControllerTest - Starting AuthentificationControllerTest using Java 17.0.12 with PID 13392 (started by Blake in C:\Apps and data\Java projects\HotelSpring\app)
[INFO ] 2026-03-30 16:06:34.233 [main] AuthentificationControllerTest - No active profile set, falling back to 1 default profile: "default"
[INFO ] 2026-03-30 16:06:36.769 [main] DefaultSecurityFilterChain - Will secure any request with [org.springframework.security.web.session.DisableEncodeUrlFilter@360a3106, org.springframework.security.web.context.request.async.WebAsyncManagerIntegrationFilter@737ff5c4, org.springframework.security.web.context.SecurityContextHolderFilter@5a8b42a3, org.springframework.security.web.header.HeaderWriterFilter@2792c28, org.springframework.web.filter.CorsFilter@7e9a836, org.springframework.security.web.csrf.CsrfFilter@4bca8eaf, org.springframework.security.web.authentication.logout.LogoutFilter@2133b712, org.springframework.security.web.authentication.UsernamePasswordAuthenticationFilter@4c4215d7, org.springframework.security.web.authentication.ui.DefaultLoginPageGeneratingFilter@646d58cd, org.springframework.security.web.authentication.ui.DefaultLogoutPageGeneratingFilter@124ff64d, org.springframework.security.web.authentication.www.BasicAuthenticationFilter@5a63fa71, org.springframework.security.web.savedrequest.RequestCacheAwareFilter@44106e25, org.springframework.security.web.servletapi.SecurityContextHolderAwareRequestFilter@57a5b03, org.springframework.security.web.authentication.AnonymousAuthenticationFilter@75aa7703, org.springframework.security.web.access.ExceptionTranslationFilter@673a9db4, org.springframework.security.web.access.intercept.AuthorizationFilter@227b9277]
[INFO ] 2026-03-30 16:06:36.886 [main] SpringBootMockServletContext - Initializing Spring TestDispatcherServlet ''
[INFO ] 2026-03-30 16:06:36.886 [main] TestDispatcherServlet - Initializing Servlet ''
[INFO ] 2026-03-30 16:06:36.888 [main] TestDispatcherServlet - Completed initialization in 2 ms
[INFO ] 2026-03-30 16:06:36.959 [main] AuthentificationControllerTest - Started AuthentificationControllerTest in 3.179 seconds (process running for 8.982)
[INFO ] 2026-03-30 16:09:18.614 [main] AnnotationConfigContextLoaderUtils - Could not detect default configuration classes for test class [org.hotel.app.security.AuthentificationControllerTest]: AuthentificationControllerTest does not declare any static, non-private, non-final, nested classes annotated with @Configuration.
[INFO ] 2026-03-30 16:09:18.876 [main] SpringBootTestContextBootstrapper - Found @SpringBootConfiguration org.hotel.app.App for test class org.hotel.app.security.AuthentificationControllerTest
[INFO ] 2026-03-30 16:09:19.382 [main] AuthentificationControllerTest - Starting AuthentificationControllerTest using Java 17.0.12 with PID 8472 (started by Blake in C:\Apps and data\Java projects\HotelSpring\app)
[INFO ] 2026-03-30 16:09:19.387 [main] AuthentificationControllerTest - No active profile set, falling back to 1 default profile: "default"
[INFO ] 2026-03-30 16:09:21.656 [main] DefaultSecurityFilterChain - Will secure any request with [org.springframework.security.web.session.DisableEncodeUrlFilter@5018b56b, org.springframework.security.web.context.request.async.WebAsyncManagerIntegrationFilter@360a3106, org.springframework.security.web.context.SecurityContextHolderFilter@351e86b2, org.springframework.security.web.header.HeaderWriterFilter@183ef89a, org.springframework.web.filter.CorsFilter@737ff5c4, org.springframework.security.web.csrf.CsrfFilter@45539bd8, org.springframework.security.web.authentication.logout.LogoutFilter@7d4da729, org.springframework.security.web.authentication.UsernamePasswordAuthenticationFilter@227b9277, org.springframework.security.web.authentication.ui.DefaultLoginPageGeneratingFilter@4552f905, org.springframework.security.web.authentication.ui.DefaultLogoutPageGeneratingFilter@7e9a836, org.springframework.security.web.authentication.www.BasicAuthenticationFilter@44a44a04, org.springframework.security.web.savedrequest.RequestCacheAwareFilter@11582db6, org.springframework.security.web.servletapi.SecurityContextHolderAwareRequestFilter@44106e25, org.springframework.security.web.authentication.AnonymousAuthenticationFilter@124ff64d, org.springframework.security.web.access.ExceptionTranslationFilter@4bb9f7d4, org.springframework.security.web.access.intercept.AuthorizationFilter@3cb49121]
[INFO ] 2026-03-30 16:09:21.729 [main] SpringBootMockServletContext - Initializing Spring TestDispatcherServlet ''
[INFO ] 2026-03-30 16:09:21.729 [main] TestDispatcherServlet - Initializing Servlet ''
[INFO ] 2026-03-30 16:09:21.732 [main] TestDispatcherServlet - Completed initialization in 3 ms
[INFO ] 2026-03-30 16:09:21.770 [main] AuthentificationControllerTest - Started AuthentificationControllerTest in 2.812 seconds (process running for 8.557)
